[{"date": "04/05/14", "many_comments": 32, "amount_tipped": 8456, "subs": {"tipofmytongue": 1, "dogecoin": 27, "jobs4dogecoins": 1, "NASCAR": 3}, "hour": "12"}, {"date": "04/05/14", "many_comments": 146, "amount_tipped": 12999, "subs": {"buildapcforme": 1, "Dogefaucet": 1, "jobs4dogecoins": 1, "Digibyte": 1, "dogecoin": 138, "FreeKarma": 1, "dogecoinbeg": 2, "pcmasterrace": 1}, "hour": "14"}, {"date": "04/05/14", "many_comments": 174, "amount_tipped": 20759, "subs": {"dogecoin": 173, "periwinkle": 1}, "hour": "14"}, {"date": "04/05/14", "many_comments": 160, "amount_tipped": 34632, "subs": {"Dogefaucet": 2, "NASCAR": 14, "CryptoCurrency": 1, "dogevendors": 1, "dogecoin": 141, "pcmasterrace": 1}, "hour": "16"}, {"date": "04/05/14", "many_comments": 168, "amount_tipped": 132001, "subs": {"dogemining": 1, "NASCAR": 49, "circlejerkpdx": 1, "dogecoin": 97, "mooooooooooooooooooon": 19, "dogemarket": 1}, "hour": "17"}, {"date": "04/05/14", "many_comments": 261, "amount_tipped": 36988, "subs": {"dogemining": 1, "Bitcoin": 1, "NASCAR": 23, "dogecoin": 224, "mylittlepony": 1, "FreeKarma": 1, "dogecoinbeg": 1, "mooooooooooooooooooon": 9}, "hour": "18"}, {"date": "04/05/14", "many_comments": 147, "amount_tipped": 41262, "subs": {"dogecoin_nascar": 4, "dogemining": 2, "electronic_cigarette": 1, "Dogefaucet": 1, "NASCAR": 11, "Bitcoin": 1, "dogecoin": 120, "mooooooooooooooooooon": 4, "dogecoinbeg": 3}, "hour": "18"}, {"date": "04/05/14", "many_comments": 154, "amount_tipped": 28793, "subs": {"DogeCoinPIF": 45, "dogemining": 2, "Dogefaucet": 1, "NASCAR": 29, "dogecoin": 73, "mylittlepony": 2, "dogemarket": 2}, "hour": "19"}, {"date": "04/05/14", "many_comments": 105, "amount_tipped": 38810, "subs": {"DogeCoinPIF": 55, "dogecoin": 47, "mylittlepony": 1, "NASCAR": 2}, "hour": "21"}, {"date": "04/05/14", "many_comments": 199, "amount_tipped": 1323169, "subs": {"DogeCoinPIF": 97, "Dogeme": 1, "dogecoin": 96, "Bitcoin": 3, "NASCAR": 2}, "hour": "22"}, {"date": "04/05/14", "many_comments": 219, "amount_tipped": 739715, "subs": {"DogeCoinPIF": 86, "dogecoin_nascar": 1, "Bitcoin": 1, "sweden": 1, "dogetipbot": 1, "dogecoin": 128, "dogecoinbeg": 1}, "hour": "23"}, {"date": "05/05/14", "many_comments": 91, "amount_tipped": 41207, "subs": {"DogeCoinPIF": 23, "dogecoin_nascar": 1, "dogeducation": 1, "Dogefaucet": 2, "NASCAR": 1, "dogecoin": 63}, "hour": "00"}, {"date": "05/05/14", "many_comments": 106, "amount_tipped": 50926, "subs": {"dogecoin": 102, "Bitcoin": 1, "hiphopheads": 2, "niceshibes": 1}, "hour": "01"}, {"date": "05/05/14", "many_comments": 95, "amount_tipped": 53547, "subs": {"dogecoindev": 2, "dogecoin_nascar": 1, "TacoMarket": 1, "Bitcoin": 1, "dogecoin": 89, "LCMS": 1}, "hour": "02"}, {"date": "05/05/14", "many_comments": 155, "amount_tipped": 56524, "subs": {"mooooooooooooooooooon": 3, "Dogefaucet": 2, "fiddydoge": 1, "NASCAR": 1, "dogecoin": 138, "ArtefactPorn": 1, "brokengifs": 1, "dogecoinbeg": 7, "trap": 1}, "hour": "03"}, {"date": "05/05/14", "many_comments": 84, "amount_tipped": 20217, "subs": {"Bitcoin": 1, "fiddydoge": 1, "NASCAR": 2, "dogecoin": 67, "Cardinals": 1, "dogecoinbeg": 1, "mooooooooooooooooooon": 11}, "hour": "04"}, {"date": "05/05/14", "many_comments": 98, "amount_tipped": 45946, "subs": {"Bitcoin": 1, "Dogefaucet": 2, "dogetipbot": 1, "dogecoin": 92, "dogemarket": 1, "dogecoinbeg": 1}, "hour": "05"}, {"date": "05/05/14", "many_comments": 93, "amount_tipped": 71524, "subs": {"mooooooooooooooooooon": 9, "dogemining": 2, "dogeducation": 1, "Dogefaucet": 2, "fiddydoge": 1, "dogetipbot": 1, "dogecoin": 73, "NASCAR": 1, "dogecoinart": 1, "dogecoinbeg": 1, "starcraft": 1}, "hour": "06"}, {"date": "05/05/14", "many_comments": 299, "amount_tipped": 27564, "subs": {"DogeCoinPIF": 243, "dogetipbot": 1, "dogemining": 1, "Bitcoin": 1, "fiddydoge": 1, "dogevendors": 1, "dogecoin": 48, "mooooooooooooooooooon": 3}, "hour": "07"}, {"date": "05/05/14", "many_comments": 232, "amount_tipped": 741218, "subs": {"dogeducation": 2, "DogeCoinPIF": 200, "gameofthrones": 1, "dogecoin": 28, "Bitcoin": 1}, "hour": "07"}, {"date": "05/05/14", "many_comments": 95, "amount_tipped": 43721, "subs": {"DogeCoinPIF": 28, "gameofthrones": 1, "NASCAR": 1, "dogecoin": 63, "fiddydoge": 1, "dogecoinbeg": 1}, "hour": "08"}, {"date": "05/05/14", "many_comments": 24, "amount_tipped": 4218, "subs": {"dogeducation": 1, "dogecoin": 20, "jobs4dogecoins": 2, "fiddydoge": 1}, "hour": "10"}, {"date": "05/05/14", "many_comments": 70, "amount_tipped": 21244, "subs": {"DogecoinAU": 1, "RandomActsOfGaming": 1, "playmygame": 2, "dogemining": 2, "dogecoin": 61, "ImageStabilization": 1, "dogecoinbeg": 1, "ShibeNet": 1}, "hour": "11"}, {"date": "05/05/14", "many_comments": 33, "amount_tipped": 9349, "subs": {"drunk": 1, "dogecoin": 29, "GirlsGoneDogeCoin": 1, "videos": 1, "dogeservice": 1}, "hour": "12"}, {"date": "05/05/14", "many_comments": 40, "amount_tipped": 35928, "subs": {"dogecoin": 38, "CGPGrey": 1, "Dogefaucet": 1}, "hour": "13"}, {"date": "05/05/14", "many_comments": 40, "amount_tipped": 13774, "subs": {"Silverbugs": 2, "DogeCoinPIF": 1, "dogecoin": 36, "Dogefaucet": 1}, "hour": "14"}, {"date": "05/05/14", "many_comments": 109, "amount_tipped": 90057, "subs": {"dogecoinbeg": 1, "dogecoin": 108}, "hour": "15"}, {"date": "05/05/14", "many_comments": 129, "amount_tipped": 86989, "subs": {"electronic_cigarette": 2, "Bitcoin": 1, "Dogefaucet": 1, "upvotegifs": 1, "dogetipbot": 1, "dogecoin": 119, "guitarpedals": 1, "TaCoCoin": 1, "dogemarket": 2}, "hour": "16"}, {"date": "05/05/14", "many_comments": 89, "amount_tipped": 163530, "subs": {"formula1": 1, "dogemining": 1, "Dogefaucet": 1, "pics": 1, "dogetipbot": 34, "dogecoin": 48, "montageparodies": 1, "fatpeoplestories": 1, "django": 1}, "hour": "17"}, {"date": "05/05/14", "many_comments": 44, "amount_tipped": 12678, "subs": {"dogecoin": 42, "pics": 2}, "hour": "18"}, {"date": "05/05/14", "many_comments": 49, "amount_tipped": 21998, "subs": {"DogeCoinPIF": 1, "GirlsGoneDogeCoin": 1, "videos": 1, "awesome": 1, "Bitcoin": 2, "Dogefaucet": 1, "dogetipbot": 5, "dogecoin": 35, "dogecoinbeg": 1, "pics": 1}, "hour": "19"}, {"date": "05/05/14", "many_comments": 283, "amount_tipped": 481532, "subs": {"Random_Acts_Of_Amazon": 1, "DogeCoinPIF": 159, "Dogeme": 6, "dogecoin": 104, "dogemarket": 1, "dogecoinbeg": 12}, "hour": "20"}, {"date": "05/05/14", "many_comments": 189, "amount_tipped": 170917, "subs": {"DogeCoinPIF": 118, "dogeducation": 1, "pics": 2, "Colorization": 1, "dogecoin": 65, "Gugubo_Fan_Club": 1, "dogecoinbeg": 1}, "hour": "21"}, {"date": "05/05/14", "many_comments": 58, "amount_tipped": 96129, "subs": {"DogeCoinPIF": 7, "DogeCom": 1, "dogemining": 1, "dogeducation": 1, "startrek": 1, "Christianity": 1, "Silverbugs": 12, "dogetipbot": 1, "dogecoin": 28, "pics": 1, "dogemarket": 1, "TrueChristian": 1, "dogecoinbeg": 1, "sports": 1}, "hour": "22"}, {"date": "05/05/14", "many_comments": 55, "amount_tipped": 24365, "subs": {"DogeCoinPIF": 1, "dogemining": 1, "dogeducation": 1, "Dogefaucet": 1, "Silverbugs": 4, "dogecoin": 43, "reonauts": 1, "Portland": 1, "niceshibes": 2}, "hour": "22"}, {"date": "06/05/14", "many_comments": 77, "amount_tipped": 3054690, "subs": {"DogecoinDefenseForce": 1, "Silverbugs": 6, "Dogetiperoonies": 1, "dogecoin": 67, "asoiaf": 1, "psychotips": 1}, "hour": "00"}, {"date": "06/05/14", "many_comments": 84, "amount_tipped": 51828, "subs": {"GlobalOffensive": 1, "DogeCoinPIF": 1, "gameofthrones": 1, "dogemining": 1, "Dogefaucet": 1, "Silverbugs": 1, "dogecoin": 74, "discododgeball": 3, "skyrim": 1}, "hour": "01"}, {"date": "06/05/14", "many_comments": 123, "amount_tipped": 28808, "subs": {"GirlsGoneDogeCoin": 2, "electronic_cigarette": 1, "dogecoin": 114, "dogemarket": 1, "dogecoinbeg": 1, "pcmasterrace": 4}, "hour": "02"}, {"date": "06/05/14", "many_comments": 118, "amount_tipped": 90876, "subs": {"dogecoin": 114, "dogeducation": 1, "Dogefaucet": 1, "NASCAR": 1, "GlobalOffensive": 1}, "hour": "03"}, {"date": "08/05/14", "many_comments": 88, "amount_tipped": 26225, "subs": {"Suomi": 1, "dogecoinbeg": 1, "dogecoin": 84, "BreakingDad": 1, "Dogefaucet": 1}, "hour": "16"}, {"date": "08/05/14", "many_comments": 85, "amount_tipped": 73902, "subs": {"swtor": 1, "dogecoinbeg": 1, "theydidthemath": 1, "dogecoin": 80, "Dogefaucet": 2}, "hour": "17"}, {"date": "08/05/14", "many_comments": 84, "amount_tipped": 43572, "subs": {"dogemining": 1, "dogecoindev": 1, "KerbalSpaceProgram": 1, "dogecoin": 80, "devils": 1}, "hour": "18"}, {"date": "08/05/14", "many_comments": 43, "amount_tipped": 42818, "subs": {"todayilearned": 1, "dogemining": 1, "electronic_cigarette": 1, "PKA": 1, "dogecoin": 38, "dogemarket": 1}, "hour": "19"}, {"date": "08/05/14", "many_comments": 37, "amount_tipped": 14523, "subs": {"dogecoindev": 1, "dogemining": 2, "Dogecoin_PR": 2, "electronic_cigarette": 1, "Dogefaucet": 4, "dogecoin": 26, "dogecoinbeg": 1}, "hour": "20"}, {"date": "08/05/14", "many_comments": 128, "amount_tipped": 42989, "subs": {"TaCoCoin": 1, "dogecoinbeg": 10, "DogeCoinPIF": 62, "dogecoin": 54, "LoLeventVoDs": 1}, "hour": "21"}, {"date": "08/05/14", "many_comments": 182, "amount_tipped": 74043, "subs": {"hearthstone": 1, "dogecoindev": 1, "futurama": 1, "dogecoin": 104, "DogeCoinPIF": 75}, "hour": "22"}, {"date": "08/05/14", "many_comments": 31, "amount_tipped": 21770, "subs": {"AFL": 1, "DogeCoinPIF": 1, "dogecoin": 26, "Perfectfit": 3}, "hour": "23"}, {"date": "09/05/14", "many_comments": 62, "amount_tipped": 153509, "subs": {"DogeCoinPIF": 12, "raspberry_pi": 1, "Silverbugs": 2, "dogecoin": 45, "dogecoinbeg": 1, "KarakuraTown": 1}, "hour": "00"}, {"date": "09/05/14", "many_comments": 42, "amount_tipped": 30449, "subs": {"DogeCoinPIF": 1, "pics": 1, "Silverbugs": 2, "dogecoin": 35, "dogecoinart": 2, "dogemarket": 1}, "hour": "01"}, {"date": "09/05/14", "many_comments": 32, "amount_tipped": 18564, "subs": {"DogeCoinPIF": 1, "spaceengine": 1, "DogecoinDefenseForce": 2, "dogecoin": 24, "linux": 1, "dogecoinbeg": 3}, "hour": "02"}, {"date": "09/05/14", "many_comments": 33, "amount_tipped": 229235, "subs": {"AFL": 1, "DogeCoinPIF": 2, "dogecoin": 28, "crossfit": 1, "Dogefaucet": 1}, "hour": "03"}, {"date": "09/05/14", "many_comments": 63, "amount_tipped": 19759, "subs": {"TaCoCoin": 1, "shield": 1, "dogecoin": 59, "Dogefaucet": 1, "CommercialCuts": 1}, "hour": "04"}, {"date": "09/05/14", "many_comments": 182, "amount_tipped": 140769, "subs": {"dogecoinart": 1, "dogemarket": 2, "dogecoin": 164, "dogecoinbeg": 14, "dogeducation": 1}, "hour": "17"}, {"date": "09/05/14", "many_comments": 100, "amount_tipped": 33424, "subs": {"tasker": 1, "dogemining": 4, "electronic_cigarette": 1, "Dogefaucet": 1, "DogecoinDefenseForce": 1, "dogecoin": 91, "dogemarket": 1}, "hour": "18"}, {"date": "09/05/14", "many_comments": 52, "amount_tipped": 32549, "subs": {"ipad": 1, "dogemining": 1, "Dogecoin_PR": 1, "Dogefaucet": 1, "pics": 1, "dogecoin": 46, "KerbalSpaceProgram": 1}, "hour": "19"}, {"date": "09/05/14", "many_comments": 42, "amount_tipped": 228060, "subs": {"dogemining": 1, "electronic_cigarette": 4, "dogecoin": 37}, "hour": "21"}, {"date": "09/05/14", "many_comments": 74, "amount_tipped": 26202, "subs": {"webcomics": 1, "DogeCoinPIF": 2, "dogemining": 4, "dogecoin": 61, "dogecoinbeg": 3, "vita": 1, "KerbalSpaceProgram": 2}, "hour": "21"}, {"date": "09/05/14", "many_comments": 48, "amount_tipped": 51673, "subs": {"dogecoinbeg": 2, "Dogecoin_PR": 1, "dogecoin": 42, "Dogefaucet": 2, "dogemining": 1}, "hour": "22"}, {"date": "10/05/14", "many_comments": 18, "amount_tipped": 11962, "subs": {"dogemining": 1, "mindcrack": 1, "dogecoin": 16}, "hour": "00"}, {"date": "10/05/14", "many_comments": 41, "amount_tipped": 14437, "subs": {"dogecoin": 40, "Dogefaucet": 1}, "hour": "00"}, {"date": "10/05/14", "many_comments": 46, "amount_tipped": 166600, "subs": {"dogecoin": 46}, "hour": "01"}, {"date": "10/05/14", "many_comments": 23, "amount_tipped": 3527, "subs": {"dogecoinbeg": 2, "dogecoin": 20, "Bitcoin": 1}, "hour": "02"}, {"date": "10/05/14", "many_comments": 48, "amount_tipped": 40688, "subs": {"dogemining": 1, "Dogefaucet": 2, "redditgetsdrawn": 1, "dogecoin": 42, "dogecoinbeg": 1, "dogemarket": 1}, "hour": "04"}, {"date": "10/05/14", "many_comments": 187, "amount_tipped": 166510, "subs": {"dogemarket": 1, "DogeCoinPIF": 2, "dogecoin": 173, "dogecoinbeg": 10, "dogemining": 1}, "hour": "04"}, {"date": "10/05/14", "many_comments": 300, "amount_tipped": 494126, "subs": {"dogecoinbeg": 1, "DogeCoinPIF": 269, "dogecoin": 30}, "hour": "06"}, {"date": "10/05/14", "many_comments": 101, "amount_tipped": 138547, "subs": {"DogeCoinPIF": 64, "fiddydoge": 4, "pics": 1, "dogecoin": 30, "dogecoinbeg": 1, "dogemarket": 1}, "hour": "06"}, {"date": "10/05/14", "many_comments": 37, "amount_tipped": 16641, "subs": {"DogeCoinPIF": 2, "mindcrack": 2, "dogecoin": 29, "dogemarket": 1, "dogecoinbeg": 1, "KerbalSpaceProgram": 1, "history": 1}, "hour": "07"}, {"date": "10/05/14", "many_comments": 13, "amount_tipped": 2076, "subs": {"firefox": 1, "dogecoin": 10, "Bitcoin": 1, "exjw": 1}, "hour": "09"}, {"date": "10/05/14", "many_comments": 18, "amount_tipped": 9305, "subs": {"dogecoin": 18}, "hour": "09"}, {"date": "10/05/14", "many_comments": 14, "amount_tipped": 6777, "subs": {"dogecoinbeg": 1, "dogecoin": 13}, "hour": "11"}, {"date": "10/05/14", "many_comments": 32, "amount_tipped": 7095, "subs": {"dogecoin": 32}, "hour": "12"}, {"date": "10/05/14", "many_comments": 24, "amount_tipped": 10261, "subs": {"dogecoin": 24}, "hour": "12"}, {"date": "10/05/14", "many_comments": 95, "amount_tipped": 44892, "subs": {"dogecoinbeg": 1, "dogecoin": 94}, "hour": "14"}, {"date": "10/05/14", "many_comments": 60, "amount_tipped": 19628, "subs": {"TaCoCoin": 1, "dogemining": 1, "dogeFakeTipReminder": 1, "dogecoin": 54, "Dogefaucet": 3}, "hour": "14"}, {"date": "10/05/14", "many_comments": 29, "amount_tipped": 16056, "subs": {"applehelp": 1, "dogemining": 1, "dogeducation": 1, "NASCAR": 1, "dogecoin": 24, "dogemarket": 1}, "hour": "16"}, {"date": "10/05/14", "many_comments": 27, "amount_tipped": 17014, "subs": {"dogecoinbeg": 2, "DogecoinUK": 1, "dogecoin": 22, "Dogefaucet": 2}, "hour": "16"}, {"date": "10/05/14", "many_comments": 96, "amount_tipped": 22851, "subs": {"DogeTent": 1, "dogecoinbeg": 2, "DogecoinUK": 2, "dogecoin": 90, "dogemining": 1}, "hour": "17"}, {"date": "10/05/14", "many_comments": 52, "amount_tipped": 12857, "subs": {"dogemining": 2, "pcmasterrace": 1, "dogecoin": 43, "DogecoinUK": 4, "dogemarket": 2}, "hour": "18"}, {"date": "10/05/14", "many_comments": 178, "amount_tipped": 246462, "subs": {"dogemarket": 2, "dogecoin": 173, "DogecoinDefenseForce": 2, "Dogefaucet": 1}, "hour": "19"}, {"date": "10/05/14", "many_comments": 212, "amount_tipped": 134238, "subs": {"dogecoinbeg": 1, "StuffCoins": 4, "dogecoin": 206, "dogemarket": 1}, "hour": "20"}, {"date": "10/05/14", "many_comments": 36, "amount_tipped": 37363, "subs": {"movies": 1, "dogecoin": 34, "Dogefaucet": 1}, "hour": "21"}, {"date": "10/05/14", "many_comments": 101, "amount_tipped": 49115, "subs": {"vapeitforward": 1, "raspberry_pi": 1, "Dogefaucet": 1, "e_cigglejerk": 1, "dogecoin": 96, "dogecoinbeg": 1}, "hour": "23"}, {"date": "10/05/14", "many_comments": 69, "amount_tipped": 131926, "subs": {"dogecoin": 69}, "hour": "23"}, {"date": "11/05/14", "many_comments": 69, "amount_tipped": 47754, "subs": {"cryptocove": 1, "dogecoin": 67, "teenagers": 1}, "hour": "00"}, {"date": "11/05/14", "many_comments": 84, "amount_tipped": 66458, "subs": {"comics": 1, "redditgetsdrawn": 1, "dogecoinart": 1, "dogecoin": 79, "belgium": 1, "Nationals": 1}, "hour": "01"}, {"date": "11/05/14", "many_comments": 48, "amount_tipped": 39326, "subs": {"pcmasterrace": 1, "dogecoin": 46, "hardwareswap": 1}, "hour": "02"}, {"date": "11/05/14", "many_comments": 68, "amount_tipped": 36389, "subs": {"pcmasterrace": 1, "electronic_cigarette": 1, "dogecoin": 61, "stlouisblues": 1, "pics": 4}, "hour": "03"}, {"date": "11/05/14", "many_comments": 51, "amount_tipped": 14752, "subs": {"reddit_silver": 2, "C25K": 1, "dogecoin": 45, "fiddydoge": 2, "dogemarket": 1}, "hour": "04"}, {"date": "11/05/14", "many_comments": 300, "amount_tipped": 378526, "subs": {"DogeCoinPIF": 276, "dogecoin": 22, "Dogefaucet": 1, "Christianity": 1}, "hour": "06"}, {"date": "11/05/14", "many_comments": 212, "amount_tipped": 684665, "subs": {"DogeCoinPIF": 188, "dogecoin": 23, "techsupportgore": 1}, "hour": "06"}, {"date": "11/05/14", "many_comments": 13, "amount_tipped": 3840, "subs": {"dogecoin": 13}, "hour": "08"}, {"date": "11/05/14", "many_comments": 13, "amount_tipped": 12447, "subs": {"comicbooks": 1, "49ers": 1, "windowshots": 1, "Metal": 1, "dogecoin": 9}, "hour": "08"}, {"date": "11/05/14", "many_comments": 46, "amount_tipped": 24100, "subs": {"dogecoinbeg": 2, "dogecoin": 43, "Dogefaucet": 1}, "hour": "10"}, {"date": "11/05/14", "many_comments": 25, "amount_tipped": 5922, "subs": {"dogecoinbeg": 1, "dogecoin": 24}, "hour": "10"}, {"date": "11/05/14", "many_comments": 25, "amount_tipped": 16034, "subs": {"dogecoin": 24, "dogeducation": 1}, "hour": "12"}, {"date": "11/05/14", "many_comments": 44, "amount_tipped": 15843, "subs": {"dogemarket": 2, "dogecoin": 41, "Dogefaucet": 1}, "hour": "12"}, {"date": "11/05/14", "many_comments": 46, "amount_tipped": 8551, "subs": {"dogecoin": 44, "Dogefaucet": 2}, "hour": "14"}, {"date": "11/05/14", "many_comments": 61, "amount_tipped": 20759, "subs": {"DogeCoinPIF": 1, "GirlsGoneDogeCoin": 1, "todayilearned": 11, "Dogefaucet": 3, "dogecoin": 44, "politics": 1}, "hour": "14"}, {"date": "11/05/14", "many_comments": 106, "amount_tipped": 207105, "subs": {"todayilearned": 5, "UpliftingNews": 1, "Bitcoin": 1, "dogetipbot": 1, "dogecoin": 97, "dogemarket": 1}, "hour": "15"}, {"date": "11/05/14", "many_comments": 50, "amount_tipped": 50385, "subs": {"DogeCoinPIF": 1, "mexico": 1, "dogemining": 1, "PandacoinPND": 1, "dogeducation": 4, "NASCAR": 1, "dogecoin": 40, "dogemarket": 1}, "hour": "16"}, {"date": "11/05/14", "many_comments": 61, "amount_tipped": 21155, "subs": {"todayilearned": 1, "dogecoin": 58, "dogeducation": 1, "Dogefaucet": 1}, "hour": "17"}, {"date": "11/05/14", "many_comments": 60, "amount_tipped": 138740, "subs": {"dogecoinart": 1, "dogecoinbeg": 3, "DogeCoinPIF": 1, "dogecoin": 54, "dogeducation": 1}, "hour": "18"}, {"date": "11/05/14", "many_comments": 58, "amount_tipped": 13645, "subs": {"dogemarket": 1, "dogecoin": 56, "dogecoinbeg": 1}, "hour": "20"}, {"date": "11/05/14", "many_comments": 32, "amount_tipped": 26816, "subs": {"cryptocove": 1, "dogemarket": 2, "dogecoin": 23, "Bitcoin": 3, "dogecoinbeg": 3}, "hour": "20"}, {"date": "11/05/14", "many_comments": 33, "amount_tipped": 6417, "subs": {"DogeCoinPIF": 1, "dogeducation": 2, "Dogefaucet": 1, "mylittlepony": 1, "pics": 1, "dogecoin": 24, "dogecoinbeg": 3}, "hour": "22"}, {"date": "11/05/14", "many_comments": 42, "amount_tipped": 31830, "subs": {"AFL": 1, "dogeducation": 1, "Dogefaucet": 2, "dogecoin": 30, "dogecoinbeg": 6, "dogemarket": 2}, "hour": "23"}, {"date": "11/05/14", "many_comments": 32, "amount_tipped": 16732, "subs": {"dogecoinbeg": 3, "dogecoin": 28, "Bitcoin": 1}, "hour": "23"}, {"date": "12/05/14", "many_comments": 40, "amount_tipped": 59749, "subs": {"somethingimade": 1, "dogecoinbeg": 1, "dogecoin": 38}, "hour": "00"}, {"date": "12/05/14", "many_comments": 83, "amount_tipped": 32377, "subs": {"todayilearned": 1, "MDMA": 1, "vertcoin": 1, "Silverbugs": 1, "dogecoin": 75, "dogemining": 3, "dogecoinbeg": 1}, "hour": "01"}, {"date": "12/05/14", "many_comments": 32, "amount_tipped": 28841, "subs": {"dogecoinbeg": 1, "dogecoin": 30, "Dogefaucet": 1}, "hour": "03"}, {"date": "12/05/14", "many_comments": 164, "amount_tipped": 18302, "subs": {"gameofthrones": 1, "dogecoin": 161, "PVcommission": 1, "videos": 1}, "hour": "03"}, {"date": "12/05/14", "many_comments": 35, "amount_tipped": 13581, "subs": {"canada": 1, "dogemarket": 3, "vancouver": 1, "dogecoin": 29, "dogecoinbeg": 1}, "hour": "04"}, {"date": "12/05/14", "many_comments": 125, "amount_tipped": 108674, "subs": {"hardware": 1, "DogeCoinPIF": 102, "dogecoin": 22}, "hour": "06"}, {"date": "12/05/14", "many_comments": 300, "amount_tipped": 759595, "subs": {"DogeCoinPIF": 280, "dogeducation": 1, "Dogefaucet": 1, "dogecoin": 16, "dogecoinart": 1, "dogemarket": 1}, "hour": "07"}, {"date": "12/05/14", "many_comments": 83, "amount_tipped": 598230, "subs": {"dogecoin": 8, "DogeCoinPIF": 72, "dogeducation": 1, "Dogefaucet": 1, "dogemarket": 1}, "hour": "07"}, {"date": "12/05/14", "many_comments": 9, "amount_tipped": 2882, "subs": {"DogeCoinPIF": 1, "dogecoin": 7, "Dogefaucet": 1}, "hour": "09"}, {"date": "12/05/14", "many_comments": 17, "amount_tipped": 12334, "subs": {"belgium": 1, "dogemarket": 1, "dogecoin": 13, "Dogefaucet": 2}, "hour": "10"}, {"date": "12/05/14", "many_comments": 21, "amount_tipped": 54847, "subs": {"dogemarket": 2, "DogeCoinPIF": 1, "dogecoin": 16, "picrequests": 1, "dogeducation": 1}, "hour": "10"}, {"date": "12/05/14", "many_comments": 38, "amount_tipped": 17039, "subs": {"DogeCoinPIF": 1, "dogecoin": 37}, "hour": "12"}, {"date": "12/05/14", "many_comments": 45, "amount_tipped": 2598, "subs": {"blog": 5, "dogecoin": 38, "Dogefaucet": 2}, "hour": "12"}, {"date": "12/05/14", "many_comments": 118, "amount_tipped": 68114, "subs": {"electronic_cigarette": 1, "dogeducation": 1, "Dogefaucet": 1, "blog": 3, "dogecoin": 110, "electronics": 1, "forza": 1}, "hour": "14"}, {"date": "12/05/14", "many_comments": 71, "amount_tipped": 118104, "subs": {"todayilearned": 2, "Dogefaucet": 1, "Silverbugs": 1, "dogecoin": 65, "dogemarket": 1, "dogecoinbeg": 1}, "hour": "14"}, {"date": "12/05/14", "many_comments": 134, "amount_tipped": 36849, "subs": {"Silverbugs": 1, "todayilearned": 1, "CryptoCurrency": 1, "dogecoin": 127, "dogecoinbeg": 3, "betterdoge": 1}, "hour": "15"}, {"date": "12/05/14", "many_comments": 140, "amount_tipped": 23735, "subs": {"blog": 1, "dogecoinbeg": 2, "dogecoin": 134, "Silverbugs": 3}, "hour": "16"}, {"date": "12/05/14", "many_comments": 40, "amount_tipped": 17194, "subs": {"blog": 3, "DogeCoinPIF": 1, "dogecoin": 35, "Dogefaucet": 1}, "hour": "17"}, {"date": "12/05/14", "many_comments": 50, "amount_tipped": 1088724, "subs": {"buildapc": 1, "videos": 1, "electronic_cigarette": 1, "dogeducation": 1, "trees": 1, "harrypotter": 2, "blog": 5, "dogecoin": 37, "answers": 1}, "hour": "19"}, {"date": "12/05/14", "many_comments": 245, "amount_tipped": 403341, "subs": {"brokengifs": 1, "dogemarket": 1, "dogecoin": 243}, "hour": "19"}, {"date": "12/05/14", "many_comments": 109, "amount_tipped": 140591, "subs": {"freetalklive": 1, "dogemining": 2, "Bitcoin": 1, "NASCAR": 3, "Dogefaucet": 1, "Silverbugs": 1, "dogecoin": 94, "dogemarket": 1, "brokengifs": 1, "dogecoinbeg": 3, "france": 1}, "hour": "20"}, {"date": "12/05/14", "many_comments": 103, "amount_tipped": 52931, "subs": {"dogemining": 3, "freetalklive": 12, "gameofthrones": 1, "dogecoin": 86, "Dogefaucet": 1}, "hour": "21"}, {"date": "12/05/14", "many_comments": 73, "amount_tipped": 53184, "subs": {"buildapc": 2, "tipofmytongue": 1, "GirlsGoneDogeCoin": 2, "dogetipbot": 1, "dogecoin": 64, "RedditKnowledge": 1, "dogemarket": 2}, "hour": "22"}, {"date": "12/05/14", "many_comments": 270, "amount_tipped": 496770, "subs": {"Silverbugs": 1, "buildapc": 4, "dogemining": 1, "blog": 1, "gamedev": 1, "dogecoin": 260, "dogecoinbeg": 1, "dogemarket": 1}, "hour": "23"}, {"date": "13/05/14", "many_comments": 122, "amount_tipped": 156289, "subs": {"dogecoinbeg": 3, "buildapc": 4, "dogecoin": 113, "redditgetsdrawn": 1, "dogemining": 1}, "hour": "01"}, {"date": "13/05/14", "many_comments": 45, "amount_tipped": 9556, "subs": {"buildapc": 1, "electronic_cigarette": 1, "DogeCoinPIF": 1, "Dogefaucet": 1, "TumblrInAction": 1, "dogecoin": 40}, "hour": "01"}, {"date": "13/05/14", "many_comments": 71, "amount_tipped": 26796, "subs": {"dogeducation": 1, "buildapc": 1, "dogecoin": 67, "Dogefaucet": 1, "Dogecoin_PR": 1}, "hour": "02"}, {"date": "13/05/14", "many_comments": 41, "amount_tipped": 26245, "subs": {"buildapc": 7, "gameofthrones": 1, "videos": 1, "blog": 1, "dogecoin": 30, "ems": 1}, "hour": "04"}, {"date": "13/05/14", "many_comments": 38, "amount_tipped": 22702, "subs": {"mildlyinteresting": 1, "videos": 1, "todayilearned": 1, "Honda": 1, "pics": 2, "blog": 1, "dogetipbot": 1, "dogecoin": 29, "Miata": 1}, "hour": "04"}, {"date": "13/05/14", "many_comments": 105, "amount_tipped": 16140, "subs": {"dogemarket": 1, "DogeCoinPIF": 62, "dogecoin": 39, "Dogefaucet": 1, "dogecoinbeg": 2}, "hour": "06"}, {"date": "13/05/14", "many_comments": 282, "amount_tipped": 423904, "subs": {"dogemining": 1, "DogeCoinPIF": 237, "dogecoin": 42, "DogeNews": 1, "dogecoinbeg": 1}, "hour": "06"}, {"date": "13/05/14", "many_comments": 46, "amount_tipped": 17576, "subs": {"todayilearned": 2, "blog": 1, "DogeCoinPIF": 12, "dogecoin": 30, "Dogefaucet": 1}, "hour": "07"}, {"date": "13/05/14", "many_comments": 64, "amount_tipped": 8673, "subs": {"dogecoin": 63, "Dogefaucet": 1}, "hour": "08"}, {"date": "13/05/14", "many_comments": 45, "amount_tipped": 62658, "subs": {"dogecoin": 44, "Dogefaucet": 1}, "hour": "09"}, {"date": "13/05/14", "many_comments": 72, "amount_tipped": 19528, "subs": {"dogecoinbeg": 25, "dogetipbot": 1, "dogecoin": 43, "Dogefaucet": 2, "circlejerk": 1}, "hour": "10"}, {"date": "13/05/14", "many_comments": 88, "amount_tipped": 281275, "subs": {"dogecoin": 86, "battlefront": 1, "dogecoinbeg": 1}, "hour": "11"}, {"date": "13/05/14", "many_comments": 159, "amount_tipped": 244162, "subs": {"todayilearned": 1, "PublicFreakout": 1, "dogetipbot": 1, "dogecoin": 154, "reddCoin": 1, "MMA": 1}, "hour": "12"}, {"date": "13/05/14", "many_comments": 111, "amount_tipped": 45067, "subs": {"DogecoinCharity": 10, "dogemarket": 1, "electronic_cigarette": 1, "dogecoin": 98, "dogetipbot": 1}, "hour": "13"}, {"date": "13/05/14", "many_comments": 157, "amount_tipped": 132767, "subs": {"webcomics": 1, "DogecoinCharity": 7, "Dogefaucet": 1, "dogecoin": 79, "dogecoinbeg": 68, "rapidhash": 1}, "hour": "14"}, {"date": "13/05/14", "many_comments": 193, "amount_tipped": 100071, "subs": {"castles": 1, "buildapc": 6, "picrequests": 2, "dogemining": 3, "Dogecoin_PR": 1, "dogecoinbeg": 3, "Watches": 1, "dadjokes": 1, "dogecoin": 172, "techsupport": 1, "stencils": 1, "EngineeringPorn": 1}, "hour": "15"}, {"date": "13/05/14", "many_comments": 143, "amount_tipped": 24093, "subs": {"videos": 1, "BAMT": 1, "electronic_cigarette": 1, "picrequests": 1, "dogecoin": 137, "dogecoinart": 1, "AskEngineers": 1}, "hour": "17"}, {"date": "13/05/14", "many_comments": 185, "amount_tipped": 81370, "subs": {"buildapc": 1, "dogemining": 1, "electronic_cigarette": 1, "NASCAR": 1, "dogetipbot": 1, "dogecoin": 180}, "hour": "17"}, {"date": "13/05/14", "many_comments": 89, "amount_tipped": 200628, "subs": {"dogecoinbeg": 3, "Dogecoin_PR": 1, "dogecoin": 83, "Bitcoin": 1, "Dogefaucet": 1}, "hour": "18"}, {"date": "13/05/14", "many_comments": 127, "amount_tipped": 719706, "subs": {"Cooking": 1, "electronic_cigarette": 1, "Dogefaucet": 2, "NASCAR": 2, "personalfinance": 1, "blog": 1, "dogecoin": 116, "dogemarket": 1, "dogecoinbeg": 2}, "hour": "19"}, {"date": "13/05/14", "many_comments": 136, "amount_tipped": 183798, "subs": {"GirlsGoneDogeCoin": 1, "videos": 1, "electronic_cigarette": 1, "Dogefaucet": 1, "dogetipbot": 1, "dogecoin": 126, "dogecoinbeg": 4, "ShibeNet": 1}, "hour": "21"}, {"date": "13/05/14", "many_comments": 128, "amount_tipped": 47188, "subs": {"TalesFromThePizzaGuy": 1, "Bitcoin": 1, "mylittlepony": 1, "Dogefaucet": 1, "dogecoin": 120, "dogecoinbeg": 4}, "hour": "21"}, {"date": "13/05/14", "many_comments": 37, "amount_tipped": 19839, "subs": {"Kappa": 1, "videos": 1, "beermoney": 3, "dogemining": 1, "dogecoin": 30, "mooooooooooooooooooon": 1}, "hour": "23"}, {"date": "13/05/14", "many_comments": 119, "amount_tipped": 82552, "subs": {"buildapc": 1, "dogemining": 2, "Dogefaucet": 2, "DarkNetMarkets": 1, "dogetipbot": 2, "dogecoin": 109, "dogecoinbeg": 1, "dogemarket": 1}, "hour": "23"}, {"date": "14/05/14", "many_comments": 62, "amount_tipped": 56082, "subs": {"Dogecoinscamwatch": 2, "dogecoin": 51, "GirlsGoneDogeCoin": 1, "DogecoinDefenseForce": 1, "dogecoinbeg": 7}, "hour": "00"}, {"date": "14/05/14", "many_comments": 71, "amount_tipped": 472246, "subs": {"blog": 1, "Unexpected": 1, "GirlsGoneDogeCoin": 1, "todayilearned": 2, "dogemining": 1, "pics": 4, "oddlysatisfying": 1, "Jokes": 1, "dogecoin": 53, "DIY": 1, "hiphopheads": 1, "dogemarket": 1, "ImGoingToHellForThis": 1, "Astronomy": 1, "whowouldwin": 1}, "hour": "01"}, {"date": "14/05/14", "many_comments": 78, "amount_tipped": 1245899, "subs": {"dogetipbot": 1, "DogecoinVotingForce": 1, "dogeducation": 1, "personalfinance": 1, "Dogefaucet": 1, "Hirocoin": 1, "dogecoin": 69, "Citybound": 1, "circlejerkaustralia": 1, "dogemarket": 1}, "hour": "02"}, {"date": "14/05/14", "many_comments": 34, "amount_tipped": 210298, "subs": {"dogetipbot": 4, "dogecoin": 30}, "hour": "03"}, {"date": "14/05/14", "many_comments": 62, "amount_tipped": 34955, "subs": {"CFB": 1, "KerbalSpaceProgram": 1, "dogecoin": 59, "circlejerkaustralia": 1}, "hour": "04"}, {"date": "14/05/14", "many_comments": 82, "amount_tipped": 18032, "subs": {"malaysia": 1, "DogeCoinPIF": 21, "dogecoin": 59, "Dogefaucet": 1}, "hour": "05"}, {"date": "14/05/14", "many_comments": 158, "amount_tipped": 416749, "subs": {"DogeCoinPIF": 134, "pics": 1, "dogecoin": 19, "dogecoinbeg": 1, "circlejerkaustralia": 1, "dogemarket": 1, "bannedfromclubpenguin": 1}, "hour": "06"}, {"date": "14/05/14", "many_comments": 35, "amount_tipped": 135596, "subs": {"dogecoinbeg": 1, "DogeCoinPIF": 15, "Dogeme": 1, "dogecoin": 18}, "hour": "07"}, {"date": "14/05/14", "many_comments": 14, "amount_tipped": 1538, "subs": {"dogemarket": 1, "DogeCoinPIF": 2, "dogecoin": 10, "dogecoinbeg": 1}, "hour": "08"}, {"date": "14/05/14", "many_comments": 38, "amount_tipped": 5980, "subs": {"dogecoinbeg": 9, "pcmasterrace": 2, "dogecoin": 26, "redditgetsdrawn": 1}, "hour": "10"}, {"date": "14/05/14", "many_comments": 37, "amount_tipped": 104315, "subs": {"india": 1, "DogeCoinPIF": 1, "dogecoin": 33, "Dogefaucet": 1, "NASCAR": 1}, "hour": "11"}, {"date": "14/05/14", "many_comments": 100, "amount_tipped": 94350, "subs": {"dogecoin": 92, "pics": 1, "dogeducation": 4, "Dogefaucet": 2, "dogemarket": 1}, "hour": "12"}, {"date": "14/05/14", "many_comments": 59, "amount_tipped": 14126, "subs": {"dogecoinbeg": 2, "pcmasterrace": 2, "Dogeme": 4, "dogecoin": 50, "Dogefaucet": 1}, "hour": "12"}, {"date": "14/05/14", "many_comments": 108, "amount_tipped": 176674, "subs": {"dogecoin": 104, "Hyperhidrosis": 1, "dogeducation": 1, "dogecoinbeg": 1, "dogemarket": 1}, "hour": "14"}, {"date": "14/05/14", "many_comments": 132, "amount_tipped": 93814, "subs": {"applehelp": 1, "dogemining": 1, "dogecoin": 125, "dogecoinbeg": 3, "dogemarket": 1, "Hyperhidrosis": 1}, "hour": "14"}, {"date": "14/05/14", "many_comments": 109, "amount_tipped": 42802, "subs": {"dogecoingames": 1, "SuperShibe": 1, "beermoney": 1, "Dogefaucet": 1, "Silverbugs": 1, "dogecoin": 102, "dogecoinbeg": 2}, "hour": "15"}, {"date": "14/05/14", "many_comments": 108, "amount_tipped": 108116, "subs": {"asmr": 1, "Dogefaucet": 2, "Bitcoin": 1, "dogecoin": 101, "GrandTheftAutoV": 2, "pcmasterrace": 1}, "hour": "16"}, {"date": "14/05/14", "many_comments": 189, "amount_tipped": 182258, "subs": {"dogeducation": 10, "electronic_cigarette": 1, "dogecoin": 175, "Dogefaucet": 2, "SurrealGifs": 1}, "hour": "17"}, {"date": "14/05/14", "many_comments": 253, "amount_tipped": 297633, "subs": {"DogecoinVotingForce": 1, "dogeducation": 112, "Dogefaucet": 2, "redditgetsdrawn": 1, "dogecoin": 136, "ConspiracyGrumps": 1}, "hour": "18"}, {"date": "14/05/14", "many_comments": 115, "amount_tipped": 238895, "subs": {"todayilearned": 1, "dogeducation": 2, "Dogefaucet": 1, "redditgetsdrawn": 1, "dogetipbot": 1, "dogecoin": 106, "GrandTheftAutoV": 1, "dogecoinbeg": 1, "dogemarket": 1}, "hour": "19"}, {"date": "14/05/14", "many_comments": 206, "amount_tipped": 148451, "subs": {"exmormon": 1, "dayz": 1, "dogemining": 1, "Bitcoin": 2, "Omnifrost": 1, "dogetipbot": 1, "dogecoin": 197, "pcmasterrace": 1, "rapidhash": 1}, "hour": "20"}, {"date": "14/05/14", "many_comments": 211, "amount_tipped": 69732, "subs": {"keto": 1, "dogeducation": 1, "Dogefaucet": 2, "dogecoin": 42, "dogecoinbeg": 163, "Bots4dogeTesting": 1, "dogemarket": 1}, "hour": "21"}, {"date": "14/05/14", "many_comments": 107, "amount_tipped": 76831, "subs": {"dogecoingames": 1, "asmr": 1, "DogecoinCharity": 1, "dogemining": 2, "dogeFakeTipReminder": 1, "dogeducation": 1, "Dogefaucet": 2, "DogecoinMemes": 2, "dogecoin": 90, "TwoXChromosomes": 1, "Buttcoin": 1, "dogecoinbeg": 2, "SoccerBetting": 1, "DogeTippingWars": 1}, "hour": "22"}, {"date": "14/05/14", "many_comments": 74, "amount_tipped": 83337, "subs": {"shiba": 1, "MURICA": 1, "dogetipbot": 1, "jakeandamir": 1, "pics": 1, "Harvard": 1, "dogecoin": 67, "leagueoflegends": 1}, "hour": "23"}, {"date": "15/05/14", "many_comments": 65, "amount_tipped": 79841, "subs": {"shiba": 1, "Unexpected": 1, "GirlsGoneDogeCoin": 1, "twittershibes": 1, "Dogecoin_PR": 1, "dogeducation": 3, "Dogefaucet": 1, "dogecoin": 55, "KerbalSpaceProgram": 1}, "hour": "00"}, {"date": "15/05/14", "many_comments": 58, "amount_tipped": 39908, "subs": {"iosgaming": 1, "Unexpected": 1, "dogemining": 1, "wallpaper": 1, "Dogefaucet": 1, "NASCAR": 1, "Bitcoin": 1, "dogetipbot": 2, "dogecoin": 47, "dogecoinart": 1, "dogemarket": 1}, "hour": "01"}, {"date": "15/05/14", "many_comments": 39, "amount_tipped": 107250, "subs": {"iosgaming": 1, "keto": 1, "GirlsGoneDogeCoin": 1, "wafflepool": 1, "dogecoin": 34, "dogemarket": 1}, "hour": "02"}, {"date": "15/05/14", "many_comments": 33, "amount_tipped": 45328, "subs": {"dogecoin": 32, "Dogefaucet": 1}, "hour": "03"}, {"date": "15/05/14", "many_comments": 106, "amount_tipped": 13365, "subs": {"dogecoingames": 1, "DogeCoinPIF": 2, "dogecoin": 102, "Dogefaucet": 1}, "hour": "04"}, {"date": "15/05/14", "many_comments": 123, "amount_tipped": 125005, "subs": {"dogecoinbeg": 1, "DogeCoinPIF": 64, "dogecoin": 58}, "hour": "06"}, {"date": "15/05/14", "many_comments": 300, "amount_tipped": 561839, "subs": {"CryptoCurrency": 1, "dogecoinbeg": 1, "DogeCoinPIF": 259, "dogecoin": 39}, "hour": "07"}, {"date": "15/05/14", "many_comments": 23, "amount_tipped": 45078, "subs": {"dogecoin": 15, "DogeCoinPIF": 5, "Dogecointest": 1, "Dogefaucet": 1, "redditgetsdrawn": 1}, "hour": "07"}, {"date": "15/05/14", "many_comments": 25, "amount_tipped": 313610, "subs": {"DogeNews": 2, "DogecoinCharity": 1, "dogecoin": 14, "dogecoinbeg": 6, "perfectloops": 1, "KerbalSpaceProgram": 1}, "hour": "08"}, {"date": "15/05/14", "many_comments": 23, "amount_tipped": 510766, "subs": {"Dogeme": 1, "DogecoinCharity": 1, "dogecoin": 20, "freebies": 1}, "hour": "09"}, {"date": "15/05/14", "many_comments": 43, "amount_tipped": 23357, "subs": {"danica": 6, "DogeCoinPIF": 2, "Dogeme": 1, "dogecoin": 34}, "hour": "10"}, {"date": "15/05/14", "many_comments": 113, "amount_tipped": 55584, "subs": {"dogecoinbeg": 4, "DogeCoinPIF": 2, "dogecoin": 107}, "hour": "12"}, {"date": "15/05/14", "many_comments": 140, "amount_tipped": 32871, "subs": {"dogeducation": 2, "DogeCoinPIF": 1, "dogecoin": 137}, "hour": "12"}, {"date": "15/05/14", "many_comments": 72, "amount_tipped": 43953, "subs": {"shiba": 1, "dogemining": 1, "freebies": 2, "Dogefaucet": 1, "dogecoin": 65, "dogecoinbeg": 2}, "hour": "13"}, {"date": "15/05/14", "many_comments": 126, "amount_tipped": 24284, "subs": {"dogeducation": 1, "dogecoin": 118, "freebies": 4, "Bitcoin": 2, "pics": 1}, "hour": "14"}, {"date": "15/05/14", "many_comments": 253, "amount_tipped": 122624, "subs": {"DogecoinVotingForce": 1, "Dogefaucet": 1, "NASCAR": 1, "freebies": 8, "dogetipbot": 1, "dogecoin": 240, "battlestations": 1}, "hour": "15"}, {"date": "15/05/14", "many_comments": 112, "amount_tipped": 115699, "subs": {"kreiswichs": 1, "dogemining": 1, "dogeducation": 1, "freebies": 1, "GTAV": 1, "dogecoin": 104, "dogecoinbeg": 3}, "hour": "16"}, {"date": "15/05/14", "many_comments": 163, "amount_tipped": 70670, "subs": {"vertcoin": 1, "dogeducation": 2, "jobs4dogecoins": 1, "Entrepreneur": 1, "dogecoin": 156, "dogecoinbeg": 2}, "hour": "17"}, {"date": "15/05/14", "many_comments": 227, "amount_tipped": 139955, "subs": {"Depreshibe": 1, "dogeducation": 1, "Dogefaucet": 2, "freebies": 4, "dogecoin": 218, "multidoge": 1}, "hour": "18"}, {"date": "15/05/14", "many_comments": 209, "amount_tipped": 223713, "subs": {"shiba": 1, "kreiswichs": 1, "Dogeme": 1, "GirlsGoneDogeCoin": 2, "Bitcoin": 1, "NASCAR": 2, "dogecoin": 198, "dogemarket": 1, "dogecoinbeg": 1, "KerbalSpaceProgram": 1}, "hour": "19"}, {"date": "15/05/14", "many_comments": 207, "amount_tipped": 116476, "subs": {"DogeCom": 4, "dogemining": 1, "dogeducation": 1, "dogetipbot": 1, "dogecoin": 199, "dogecoinbeg": 1}, "hour": "20"}, {"date": "15/05/14", "many_comments": 90, "amount_tipped": 50303, "subs": {"roblox": 1, "dogecoin": 86, "dogeducation": 3}, "hour": "21"}, {"date": "15/05/14", "many_comments": 150, "amount_tipped": 34705, "subs": {"roblox": 1, "DogeCom": 1, "CryptoAnarchy": 1, "DogecoinVotingForce": 1, "pics": 1, "dogecoin": 142, "dogecoinbeg": 1, "ballarat": 1, "UniverseProject": 1}, "hour": "22"}, {"date": "15/05/14", "many_comments": 112, "amount_tipped": 468761, "subs": {"NewOrleans": 1, "dogemining": 2, "Dogefaucet": 1, "suntehbun": 2, "dogecoin": 103, "ILuVpoTatoes": 1, "dogemarket": 2}, "hour": "23"}, {"date": "16/05/14", "many_comments": 115, "amount_tipped": 16696, "subs": {"dogecoin": 113, "NASCAR": 1, "pics": 1}, "hour": "00"}, {"date": "16/05/14", "many_comments": 127, "amount_tipped": 9622, "subs": {"DogeCoinPIF": 1, "random_doge_tip_bot": 1, "dogeducation": 4, "Bitcoin": 1, "pics": 1, "dogecoin": 118, "Dogecoinscamwatch": 1}, "hour": "01"}, {"date": "16/05/14", "many_comments": 38, "amount_tipped": 14241, "subs": {"shutupandtakemymoney": 1, "dogeducation": 2, "Dogefaucet": 1, "Bitcoin": 1, "dogecoin": 31, "dogecoinbeg": 1, "pcmasterrace": 1}, "hour": "02"}, {"date": "16/05/14", "many_comments": 173, "amount_tipped": 327695, "subs": {"incremental_games": 1, "dogeducation": 1, "Dogefaucet": 1, "NASCAR": 2, "pics": 9, "dogecoin": 159}, "hour": "04"}, {"date": "16/05/14", "many_comments": 68, "amount_tipped": 41352, "subs": {"sysadmin": 1, "TaCoCoin": 1, "DogeCoinPIF": 5, "SuperShibe": 1, "dogecoin": 60}, "hour": "04"}, {"date": "16/05/14", "many_comments": 226, "amount_tipped": 117153, "subs": {"Frugal": 1, "DogeCoinPIF": 134, "dogecoin": 88, "Dogefaucet": 1, "pics": 2}, "hour": "05"}, {"date": "16/05/14", "many_comments": 300, "amount_tipped": 837915, "subs": {"dogecoinbeg": 2, "DogeCoinPIF": 230, "dogetipbot": 1, "dogecoin": 65, "pics": 2}, "hour": "07"}, {"date": "16/05/14", "many_comments": 33, "amount_tipped": 32605, "subs": {"DogeCoinPIF": 1, "Dogecointest": 1, "Dogefaucet": 1, "secretsanta": 1, "dogecoin": 28, "Astronomy": 1}, "hour": "07"}, {"date": "16/05/14", "many_comments": 34, "amount_tipped": 25161, "subs": {"secretsanta": 1, "DogeCoinPIF": 8, "dogecoin": 24, "Dogecointest": 1}, "hour": "08"}, {"date": "16/05/14", "many_comments": 36, "amount_tipped": 25376, "subs": {"dogecoinbeg": 1, "dogecoin": 31, "APStudents": 2, "Dogecointest": 1, "Bitcoin": 1}, "hour": "10"}, {"date": "16/05/14", "many_comments": 21, "amount_tipped": 15693, "subs": {"dogecoinbeg": 1, "dogecoin": 18, "redditgetsdrawn": 1, "dogemining": 1}, "hour": "10"}, {"date": "16/05/14", "many_comments": 141, "amount_tipped": 97312, "subs": {"dogecoin": 137, "dogevendors": 1, "dogeducation": 1, "Bitcoin": 2}, "hour": "11"}, {"date": "16/05/14", "many_comments": 66, "amount_tipped": 7426, "subs": {"dogecoin": 62, "NASCAR": 1, "cannacoin": 3}, "hour": "13"}, {"date": "16/05/14", "many_comments": 113, "amount_tipped": 98136, "subs": {"dogeducation": 3, "Bitcoin": 2, "CryptoCurrency": 1, "whowouldwin": 1, "tipwar": 7, "dogecoin": 98, "DogecoinCharity": 1}, "hour": "13"}, {"date": "16/05/14", "many_comments": 209, "amount_tipped": 151169, "subs": {"NASCAR": 1, "pics": 1, "dogetipbot": 1, "dogecoin": 204, "AncientCoins": 1, "dogemarket": 1}, "hour": "14"}, {"date": "16/05/14", "many_comments": 213, "amount_tipped": 122836, "subs": {"twittershibes": 1, "dogevendors": 1, "dogecoin": 210, "TrollXChromosomes": 1}, "hour": "15"}, {"date": "16/05/14", "many_comments": 182, "amount_tipped": 128620, "subs": {"electronic_cigarette": 1, "dogecoin": 175, "Bitcoin": 6}, "hour": "17"}, {"date": "16/05/14", "many_comments": 177, "amount_tipped": 64672, "subs": {"TrollXChromosomes": 1, "dogemarket": 1, "polarbears": 1, "dogecoin": 173, "badkarma": 1}, "hour": "17"}, {"date": "16/05/14", "many_comments": 211, "amount_tipped": 55658, "subs": {"tipwar": 3, "dogecoin": 202, "Bitcoin": 2, "Gymkhana": 1, "cannacoin": 3}, "hour": "18"}, {"date": "16/05/14", "many_comments": 222, "amount_tipped": 100391, "subs": {"dogemining": 1, "Dogefaucet": 2, "Bitcoin": 2, "dogecoin": 213, "Gymkhana": 1, "tipwar": 1, "dogemarket": 1, "ProgrammerHumor": 1}, "hour": "20"}, {"date": "16/05/14", "many_comments": 170, "amount_tipped": 57242, "subs": {"DogeCom": 1, "dogeFakeTipReminder": 1, "dogeducation": 1, "Bitcoin": 1, "dogecoin": 164, "Gymkhana": 2}, "hour": "20"}, {"date": "16/05/14", "many_comments": 172, "amount_tipped": 53665, "subs": {"DogeNews": 1, "sex": 1, "dogecoin": 166, "leagueoflegends": 1, "pcmasterrace": 2, "pics": 1}, "hour": "21"}, {"date": "16/05/14", "many_comments": 87, "amount_tipped": 77198, "subs": {"DogecoinVotingForce": 1, "random_doge_tip_bot": 1, "Bitcoin": 1, "NASCAR": 2, "dogecoin": 81, "redditgetsdrawn": 1}, "hour": "22"}, {"date": "16/05/14", "many_comments": 29, "amount_tipped": 15475, "subs": {"DogecoinVotingForce": 1, "pcmasterrace": 1, "dogecoin": 26, "Bitcoin": 1}, "hour": "23"}, {"date": "17/05/14", "many_comments": 101, "amount_tipped": 39715, "subs": {"dogecoin": 100, "DogecoinDefenseForce": 1}, "hour": "00"}, {"date": "17/05/14", "many_comments": 115, "amount_tipped": 19790, "subs": {"dogecoin": 114, "montageparodies": 1}, "hour": "01"}, {"date": "17/05/14", "many_comments": 84, "amount_tipped": 11523, "subs": {"dogecoin": 82, "Bitcoin": 2}, "hour": "03"}, {"date": "17/05/14", "many_comments": 249, "amount_tipped": 125364, "subs": {"dogecoinbeg": 1, "dogecoin": 246, "Bitcoin": 1, "NASCAR": 1}, "hour": "03"}, {"date": "17/05/14", "many_comments": 229, "amount_tipped": 104921, "subs": {"Silverbugs": 1, "dogecoin": 224, "Bitcoin": 2, "NASCAR": 2}, "hour": "04"}, {"date": "17/05/14", "many_comments": 222, "amount_tipped": 41112, "subs": {"random_doge_tip_bot": 1, "Dogefaucet": 1, "NASCAR": 2, "Bitcoin": 2, "dogecoin": 214, "dogecoinbeg": 2}, "hour": "05"}, {"date": "17/05/14", "many_comments": 79, "amount_tipped": 19043, "subs": {"dogecoinbeg": 1, "starcitizen": 1, "dogecoin": 74, "Bitcoin": 3}, "hour": "07"}, {"date": "17/05/14", "many_comments": 130, "amount_tipped": 98693, "subs": {"GirlsGoneDogeCoin": 1, "videos": 1, "todayilearned": 1, "Dogefaucet": 1, "NASCAR": 2, "malaysia": 1, "dogetipbot": 1, "dogecoin": 121, "dogecoinbeg": 1}, "hour": "08"}, {"date": "17/05/14", "many_comments": 166, "amount_tipped": 374125, "subs": {"DogeCoinPIF": 2, "dogecoin": 159, "Bitcoin": 1, "NASCAR": 3, "Dogefaucet": 1}, "hour": "09"}, {"date": "17/05/14", "many_comments": 300, "amount_tipped": 92575, "subs": {"Dogeme": 1, "DogeCoinPIF": 141, "starcitizen": 1, "dogecoin": 155, "Dogefaucet": 2}, "hour": "10"}, {"date": "17/05/14", "many_comments": 84, "amount_tipped": 124537, "subs": {"tldr": 1, "circlejerk": 1, "Dogefaucet": 1, "NASCAR": 2, "dogecoin": 78, "ploungeafterdark": 1}, "hour": "10"}, {"date": "17/05/14", "many_comments": 28, "amount_tipped": 16358, "subs": {"dogecoin": 28}, "hour": "11"}, {"date": "17/05/14", "many_comments": 27, "amount_tipped": 13509, "subs": {"sysadmin": 1, "dogecoin": 25, "Dogefaucet": 1}, "hour": "12"}, {"date": "17/05/14", "many_comments": 66, "amount_tipped": 23430, "subs": {"dogetipbot": 4, "dogecoin": 61, "patientgamers": 1}, "hour": "14"}, {"date": "17/05/14", "many_comments": 59, "amount_tipped": 8749, "subs": {"CryptoCurrency": 1, "dogemining": 1, "dogecoin": 55, "NASCAR": 1, "dogecoinbeg": 1}, "hour": "14"}, {"date": "17/05/14", "many_comments": 99, "amount_tipped": 42747, "subs": {"ProgrammerHumor": 1, "dogecoin": 91, "Dogefaucet": 4, "NASCAR": 2, "Bitcoin": 1}, "hour": "16"}, {"date": "17/05/14", "many_comments": 105, "amount_tipped": 17895, "subs": {"Monstercat": 1, "buildapc": 1, "dogecoin": 101, "ireland": 1, "pics": 1}, "hour": "17"}, {"date": "17/05/14", "many_comments": 213, "amount_tipped": 22974, "subs": {"dogecoin": 211, "GrandTheftAutoV": 1, "NASCAR": 1}, "hour": "17"}, {"date": "17/05/14", "many_comments": 228, "amount_tipped": 23075, "subs": {"electronic_cigarette": 1, "jobs4dogecoins": 1, "NASCAR": 1, "dogecoin": 223, "dogemarket": 1, "proprietarygarbage": 1}, "hour": "18"}, {"date": "17/05/14", "many_comments": 160, "amount_tipped": 33519, "subs": {"dogecoindev": 1, "todayilearned": 1, "dogeducation": 1, "NASCAR": 8, "pics": 1, "dogecoin": 148}, "hour": "19"}, {"date": "17/05/14", "many_comments": 89, "amount_tipped": 57727, "subs": {"random_doge_tip_bot": 1, "dogeducation": 3, "fffffffuuuuuuuuuuuu": 1, "Dogefaucet": 1, "sysadmin": 1, "dogetipbot": 1, "dogecoin": 78, "dogemarket": 1, "ShibeNet": 1, "pics": 1}, "hour": "21"}, {"date": "17/05/14", "many_comments": 107, "amount_tipped": 35048, "subs": {"dogeducation": 1, "Dogefaucet": 1, "NASCAR": 6, "pics": 1, "dogecoin": 97, "sports": 1}, "hour": "21"}, {"date": "17/05/14", "many_comments": 43, "amount_tipped": 12136, "subs": {"NASCAR": 1, "xray": 1, "Dogecoinscamwatch": 1, "dogecoin": 38, "dogemarket": 1, "dogecoinbeg": 1}, "hour": "23"}, {"date": "17/05/14", "many_comments": 75, "amount_tipped": 56248, "subs": {"naut": 1, "NASCAR": 9, "pics": 4, "dogecoin": 58, "dogecoinbeg": 1, "TaCoCoin": 1, "dogemarket": 1}, "hour": "23"}, {"date": "18/05/14", "many_comments": 65, "amount_tipped": 13675, "subs": {"doge": 1, "NASCAR": 4, "geek": 1, "dogecoin": 57, "dogemarket": 1, "brandnew": 1}, "hour": "01"}, {"date": "18/05/14", "many_comments": 69, "amount_tipped": 70596, "subs": {"DogeCoinPIF": 8, "WoT": 1, "fffffffuuuuuuuuuuuu": 1, "NASCAR": 4, "dogecoin": 52, "DogeFX": 1, "KerbalSpaceProgram": 1, "paradoxplaza": 1}, "hour": "02"}, {"date": "18/05/14", "many_comments": 72, "amount_tipped": 12457, "subs": {"DogeCoinPIF": 12, "dogecoin": 54, "videos": 1, "NASCAR": 4, "pics": 1}, "hour": "02"}, {"date": "18/05/14", "many_comments": 80, "amount_tipped": 43127, "subs": {"DogeCoinPIF": 1, "sportsbook": 2, "discgolf": 1, "SWORDS": 1, "trees": 1, "dogecoin": 66, "NASCAR": 5, "dogecoinbeg": 2, "paradoxplaza": 1}, "hour": "04"}, {"date": "18/05/14", "many_comments": 58, "amount_tipped": 22191, "subs": {"AirSwimming": 1, "DogeCoinPIF": 5, "dogecoin": 50, "Dogefaucet": 2}, "hour": "05"}, {"date": "18/05/14", "many_comments": 36, "amount_tipped": 70442, "subs": {"rva": 1, "DogeCoinPIF": 1, "NASCAR": 2, "dogecoin": 30, "TaCoCoin": 1, "dogecar": 1}, "hour": "05"}, {"date": "18/05/14", "many_comments": 44, "amount_tipped": 22734, "subs": {"RandomActsOfGaming": 1, "GirlsGoneDogeCoin": 1, "random_doge_tip_bot": 1, "NASCAR": 1, "pics": 1, "dogecoin": 35, "Fallout": 3, "dogecoinart": 1}, "hour": "06"}, {"date": "18/05/14", "many_comments": 61, "amount_tipped": 4841, "subs": {"dogecoinbeg": 1, "DogeCoinPIF": 1, "dogecoin": 56, "Dogefaucet": 1, "RandomActsOfGaming": 2}, "hour": "08"}, {"date": "18/05/14", "many_comments": 15, "amount_tipped": 1351, "subs": {"dogecoin": 12, "Dogefaucet": 1, "NASCAR": 1, "pics": 1}, "hour": "08"}, {"date": "18/05/14", "many_comments": 15, "amount_tipped": 14911, "subs": {"dogecoin": 12, "dogeducation": 1, "videos": 1, "pics": 1}, "hour": "09"}, {"date": "18/05/14", "many_comments": 9, "amount_tipped": 1427, "subs": {"dogevendors": 1, "dogecoin": 6, "Dogefaucet": 1, "NASCAR": 1}, "hour": "11"}, {"date": "18/05/14", "many_comments": 23, "amount_tipped": 15841, "subs": {"dogecoinbeg": 2, "dogecoin": 18, "Bitcoin": 1, "pics": 2}, "hour": "12"}, {"date": "18/05/14", "many_comments": 43, "amount_tipped": 7438, "subs": {"dogecoin": 41, "jobs4dogecoins": 1, "NASCAR": 1}, "hour": "13"}, {"date": "18/05/14", "many_comments": 22, "amount_tipped": 3701, "subs": {"KerbalSpaceProgram": 1, "dogecoin": 17, "Dogefaucet": 2, "NASCAR": 1, "TacoMarket": 1}, "hour": "13"}, {"date": "18/05/14", "many_comments": 46, "amount_tipped": 84050, "subs": {"RandomActsOfGaming": 1, "dogetard": 1, "dogeducation": 1, "pics": 3, "dogetipbot": 1, "dogecoin": 35, "Libertarian": 1, "dogecoinbeg": 1, "KerbalSpaceProgram": 1, "cannacoin": 1}, "hour": "15"}, {"date": "18/05/14", "many_comments": 297, "amount_tipped": 13196, "subs": {"dogecoin": 296, "NASCAR": 1}, "hour": "16"}, {"date": "18/05/14", "many_comments": 300, "amount_tipped": 24183, "subs": {"dogemining": 1, "dogetipbot": 1, "dogecoin": 297, "Dogefaucet": 1}, "hour": "17"}, {"date": "18/05/14", "many_comments": 300, "amount_tipped": 61537, "subs": {"dogemarket": 1, "kreiswichs": 1, "dogecoin": 298}, "hour": "18"}, {"date": "18/05/14", "many_comments": 114, "amount_tipped": 284095, "subs": {"poker": 2, "bicycling": 2, "india": 1, "dogeducation": 1, "Dogefaucet": 1, "NASCAR": 1, "dogecoin": 105, "dogecoinbeg": 1}, "hour": "18"}, {"date": "18/05/14", "many_comments": 58, "amount_tipped": 101341, "subs": {"dogecoin": 56, "dogeFakeTipReminder": 1, "dogeducation": 1}, "hour": "19"}, {"date": "18/05/14", "many_comments": 106, "amount_tipped": 17985, "subs": {"GirlsGoneDogeCoin": 1, "Dogefaucet": 1, "pics": 1, "dogecoin": 101, "dogecoingaming": 1, "DogeCom": 1}, "hour": "20"}, {"date": "18/05/14", "many_comments": 66, "amount_tipped": 59932, "subs": {"dogemarket": 2, "KerbalSpaceProgram": 1, "dogecoin": 62, "Naruto": 1}, "hour": "22"}, {"date": "18/05/14", "many_comments": 59, "amount_tipped": 32671, "subs": {"keywordtipbot": 1, "Dogefaucet": 2, "NASCAR": 1, "pics": 1, "dogemarket": 1, "dogecoin": 39, "CivRealms": 1, "TaCoCoin": 1, "dogecoinbeg": 11, "Bitcoin": 1}, "hour": "22"}, {"date": "18/05/14", "many_comments": 57, "amount_tipped": 22072, "subs": {"DogecoinAU": 2, "GirlsGoneDogeCoin": 1, "keywordtipbot": 1, "Dogefaucet": 1, "Bitcoin": 2, "dogecoin": 32, "dogecoinbeg": 14, "dogecoinart": 1, "dogemarket": 2, "pics": 1}, "hour": "23"}, {"date": "19/05/14", "many_comments": 28, "amount_tipped": 103341, "subs": {"buildapc": 1, "trees": 1, "dogecoin": 22, "dogecoinbeg": 2, "dogemarket": 1, "dogecoingaming": 1}, "hour": "01"}, {"date": "19/05/14", "many_comments": 114, "amount_tipped": 60615, "subs": {"DogeCoinPIF": 9, "DogeCom": 1, "Dogefaucet": 2, "dogemarket": 1, "dogetipbot": 1, "dogecoin": 90, "dogecoinbeg": 8, "CivRealms": 1, "HashReport": 1}, "hour": "01"}, {"date": "19/05/14", "many_comments": 52, "amount_tipped": 80505, "subs": {"DogeCoinPIF": 4, "bicycling": 1, "Dogefaucet": 3, "dogecoin": 35, "dogecoinbeg": 8, "guns": 1}, "hour": "02"}, {"date": "19/05/14", "many_comments": 43, "amount_tipped": 59495, "subs": {"DogeCoinPIF": 1, "block3worldsummit": 1, "BitMarket": 2, "dogecoindev": 1, "jobs4dogecoins": 2, "dogecoin": 27, "dogecoinbeg": 9}, "hour": "03"}, {"date": "19/05/14", "many_comments": 58, "amount_tipped": 16073, "subs": {"dogecoinbeg": 9, "DogeCoinPIF": 1, "dogecoin": 47, "jobs4dogecoins": 1}, "hour": "05"}, {"date": "19/05/14", "many_comments": 300, "amount_tipped": 247534, "subs": {"dogecoinbeg": 2, "DogeCoinPIF": 235, "dogecoin": 63}, "hour": "06"}, {"date": "19/05/14", "many_comments": 98, "amount_tipped": 56135, "subs": {"DogeCoinPIF": 35, "Dogefaucet": 2, "NASCAR": 2, "dogecoin": 55, "chickenparma": 1, "dogecoinbeg": 3}, "hour": "06"}, {"date": "19/05/14", "many_comments": 39, "amount_tipped": 36715, "subs": {"dogecoin": 34, "indonesia": 1, "lolgrindr": 1, "Dogefaucet": 1, "Dogecointest": 2}, "hour": "07"}, {"date": "19/05/14", "many_comments": 40, "amount_tipped": 13161, "subs": {"malaysia": 1, "dogecoin": 37, "Scotland": 1, "dogecoinbeg": 1}, "hour": "08"}, {"date": "19/05/14", "many_comments": 18, "amount_tipped": 19758, "subs": {"dogecoin": 14, "DogeCoinPIF": 1, "Scotland": 1, "kreiswichs": 1, "jobs4dogecoins": 1}, "hour": "10"}, {"date": "19/05/14", "many_comments": 31, "amount_tipped": 85361, "subs": {"TalesFromRetail": 1, "doctorwho": 1, "dogecoin": 29}, "hour": "11"}, {"date": "19/05/14", "many_comments": 30, "amount_tipped": 3611, "subs": {"dogecoin": 29, "dogeducation": 1}, "hour": "12"}, {"date": "19/05/14", "many_comments": 39, "amount_tipped": 13505, "subs": {"dogecoin": 37, "fffffffuuuuuuuuuuuu": 1, "redditgetsdrawn": 1}, "hour": "12"}, {"date": "19/05/14", "many_comments": 28, "amount_tipped": 17669, "subs": {"chickenparma": 1, "dogecoin": 27}, "hour": "13"}, {"date": "19/05/14", "many_comments": 146, "amount_tipped": 117869, "subs": {"dogecoinbeg": 19, "DogeCoinFaucets": 1, "dogecoin": 124, "mooooooooooooooooooon": 1, "dogeducation": 1}, "hour": "15"}, {"date": "19/05/14", "many_comments": 141, "amount_tipped": 146105, "subs": {"dogemining": 1, "KerbalSpaceProgram": 3, "dogecoin": 135, "gameofthrones": 1, "dogecoinbeg": 1}, "hour": "16"}, {"date": "19/05/14", "many_comments": 100, "amount_tipped": 125255, "subs": {"dogemining": 1, "random_doge_tip_bot": 1, "NASCAR": 2, "dogecoin": 80, "dogecoinbeg": 10, "dogecoinart": 1, "dogemarket": 4, "Dofus": 1}, "hour": "16"}, {"date": "19/05/14", "many_comments": 64, "amount_tipped": 17994, "subs": {"Silverbugs": 1, "dogecoin": 56, "Dogefaucet": 1, "NASCAR": 5, "cannacoin": 1}, "hour": "18"}, {"date": "22/05/14", "many_comments": 42, "amount_tipped": 9279, "subs": {"DogecoinFundation": 3, "dogecoin": 39}, "hour": "16"}, {"date": "22/05/14", "many_comments": 131, "amount_tipped": 49164, "subs": {"dogelet": 6, "beermoney": 1, "Dogefaucet": 2, "dogecoin": 117, "dogecoinbeg": 1, "DogecoinFundation": 3, "blackcoin": 1}, "hour": "17"}, {"date": "22/05/14", "many_comments": 166, "amount_tipped": 22002, "subs": {"dogebetting": 1, "dogecoin": 162, "Dogefaucet": 3}, "hour": "18"}, {"date": "22/05/14", "many_comments": 45, "amount_tipped": 6412, "subs": {"dogelet": 1, "dogecoin": 42, "Dogefaucet": 2}, "hour": "19"}, {"date": "22/05/14", "many_comments": 124, "amount_tipped": 40782, "subs": {"dogemarket": 1, "pcmasterrace": 2, "dogecoin": 119, "LuisPorn": 1, "dogecoinbeg": 1}, "hour": "20"}, {"date": "22/05/14", "many_comments": 101, "amount_tipped": 19420, "subs": {"dogetipbot": 1, "dogecoin": 91, "DogecoinFundation": 2, "dogecoinbeg": 5, "pcmasterrace": 1, "XBC": 1}, "hour": "21"}, {"date": "22/05/14", "many_comments": 18, "amount_tipped": 8691, "subs": {"amateurradio": 2, "dogecoin": 15, "dogemarket": 1}, "hour": "22"}, {"date": "22/05/14", "many_comments": 29, "amount_tipped": 5409, "subs": {"DogeNews": 1, "dogemining": 1, "theydidthemath": 1, "dogecoin": 24, "brokengifs": 1, "dogevids": 1}, "hour": "23"}, {"date": "23/05/14", "many_comments": 44, "amount_tipped": 8591, "subs": {"dogeducation": 1, "Bitcoin": 1, "NASCAR": 1, "dogetipbot": 1, "dogecoin": 38, "DogecoinFundation": 1, "pokemon": 1}, "hour": "00"}, {"date": "23/05/14", "many_comments": 49, "amount_tipped": 15640, "subs": {"DogeCoinPIF": 2, "Bitcoin": 1, "NASCAR": 1, "CryptoCurrency": 1, "dogecoin": 42, "DogecoinFundation": 1, "chadsofreddit": 1}, "hour": "01"}, {"date": "23/05/14", "many_comments": 153, "amount_tipped": 18039, "subs": {"lesecretsubreddit": 1, "movies": 1, "dogecoin": 148, "Dogefaucet": 1, "dogecoinbeg": 2}, "hour": "02"}, {"date": "23/05/14", "many_comments": 70, "amount_tipped": 42506, "subs": {"sysadmin": 1, "DogecoinFundation": 1, "blackcoin": 3, "dogecoin": 65}, "hour": "03"}, {"date": "23/05/14", "many_comments": 37, "amount_tipped": 15109, "subs": {"comicbooks": 1, "dogetipbot": 1, "dogecoin": 35}, "hour": "04"}, {"date": "23/05/14", "many_comments": 108, "amount_tipped": 461075, "subs": {"dogecoinbeg": 1, "DogeCoinPIF": 1, "dogecoin": 105, "Favors": 1}, "hour": "05"}, {"date": "23/05/14", "many_comments": 209, "amount_tipped": 465978, "subs": {"DogeCoinPIF": 141, "dogecoin": 68}, "hour": "06"}, {"date": "23/05/14", "many_comments": 294, "amount_tipped": 508714, "subs": {"DogecoinFundation": 1, "DogeCoinPIF": 268, "dogecoin": 25}, "hour": "07"}, {"date": "23/05/14", "many_comments": 20, "amount_tipped": 14215, "subs": {"DogeCoinPIF": 1, "casualiama": 1, "dogecoin": 14, "DRKCoin": 1, "dogecoinbeg": 2, "corgi": 1}, "hour": "08"}, {"date": "23/05/14", "many_comments": 15, "amount_tipped": 4311, "subs": {"dogecoin": 14, "Bitcoin": 1}, "hour": "09"}, {"date": "23/05/14", "many_comments": 38, "amount_tipped": 17089, "subs": {"dogeducation": 2, "McDonalds": 1, "dogecoin": 33, "dogecoinbeg": 2}, "hour": "10"}, {"date": "23/05/14", "many_comments": 26, "amount_tipped": 3435, "subs": {"doge": 1, "dogecoin": 24, "Dogefaucet": 1}, "hour": "11"}, {"date": "23/05/14", "many_comments": 19, "amount_tipped": 11442, "subs": {"archlinux": 1, "dogecoin": 18}, "hour": "12"}, {"date": "23/05/14", "many_comments": 39, "amount_tipped": 9426, "subs": {"buildapcforme": 1, "GlobalOffensive": 1, "VertcoinMining": 1, "Civcraft": 1, "Dogefaucet": 1, "dogecoin": 34}, "hour": "13"}, {"date": "23/05/14", "many_comments": 56, "amount_tipped": 38169, "subs": {"homura": 1, "movies": 1, "dogecoin": 53, "Dogefaucet": 1}, "hour": "14"}, {"date": "23/05/14", "many_comments": 53, "amount_tipped": 61214, "subs": {"Silverbugs": 1, "DogecoinFundation": 1, "dogecoin": 51}, "hour": "15"}, {"date": "23/05/14", "many_comments": 126, "amount_tipped": 33486, "subs": {"movies": 1, "dogecoin": 122, "Bitcoin": 2, "Dogefaucet": 1}, "hour": "16"}, {"date": "23/05/14", "many_comments": 60, "amount_tipped": 53310, "subs": {"dogecoin_nascar": 1, "dogecoin": 57, "Dogefaucet": 2}, "hour": "17"}, {"date": "23/05/14", "many_comments": 43, "amount_tipped": 138619, "subs": {"GlobalOffensive": 1, "poker": 1, "Dogefaucet": 2, "xboxone": 1, "dogecoin": 36, "dogecoinbeg": 1, "3Dprinting": 1}, "hour": "18"}, {"date": "23/05/14", "many_comments": 37, "amount_tipped": 81388, "subs": {"doge": 1, "Dogefaucet": 2, "Bitcoin": 1, "dogecoin": 31, "dogemarket": 1, "dogecoinbeg": 1}, "hour": "19"}, {"date": "23/05/14", "many_comments": 66, "amount_tipped": 72097, "subs": {"GlobalOffensive": 1, "DogeCoinPIF": 1, "GirlsGoneDogeCoin": 1, "Bitcoin": 2, "dogecoin": 59, "Bots4dogeTesting": 1, "dogecoinbeg": 1}, "hour": "20"}, {"date": "23/05/14", "many_comments": 97, "amount_tipped": 50535, "subs": {"dogecoin": 97}, "hour": "21"}, {"date": "23/05/14", "many_comments": 34, "amount_tipped": 19416, "subs": {"dogeducation": 1, "dogecoin": 32, "DogecoinFundation": 1}, "hour": "22"}, {"date": "23/05/14", "many_comments": 42, "amount_tipped": 35843, "subs": {"GirlsGoneDogeCoin": 2, "videos": 1, "dogeducation": 1, "Bitcoin": 1, "dogecoin": 36, "montageparodies": 1}, "hour": "23"}, {"date": "24/05/14", "many_comments": 33, "amount_tipped": 21413, "subs": {"dogeducation": 1, "electronic_cigarette": 1, "dogecoin": 29, "GirlsGoneDogeCoin": 2}, "hour": "00"}, {"date": "24/05/14", "many_comments": 89, "amount_tipped": 43871, "subs": {"WeAreTheMusicMakers": 1, "DogeCoinPIF": 1, "dogecoin": 85, "GirlsGoneDogeCoin": 1, "linux": 1}, "hour": "01"}, {"date": "24/05/14", "many_comments": 50, "amount_tipped": 50287, "subs": {"ShibesChat": 1, "dogecoin": 43, "GirlsGoneDogeCoin": 6}, "hour": "02"}, {"date": "24/05/14", "many_comments": 39, "amount_tipped": 15520, "subs": {"GirlsGoneDogeCoin": 1, "Dogeconomy": 1, "Bitcoin": 1, "Dogefaucet": 1, "dogecoin": 33, "dogemarket": 1, "dogecoinbeg": 1}, "hour": "03"}, {"date": "24/05/14", "many_comments": 36, "amount_tipped": 19593, "subs": {"dogecoinbeg": 1, "dogecoin": 34, "Dogefaucet": 1}, "hour": "04"}, {"date": "24/05/14", "many_comments": 58, "amount_tipped": 28526, "subs": {"IWantToLearn": 1, "dogetipbot": 1, "dogecoin": 54, "DRKCoin": 1, "Dogefaucet": 1}, "hour": "05"}, {"date": "24/05/14", "many_comments": 263, "amount_tipped": 147494, "subs": {"DogeHelpBot": 1, "dogecoin": 22, "DogeCoinPIF": 239, "montageparodies": 1}, "hour": "06"}, {"date": "24/05/14", "many_comments": 300, "amount_tipped": 196793, "subs": {"DogeCoinPIF": 287, "dogecoin": 9, "montageparodies": 1, "redditgetsdrawn": 2, "Dogefaucet": 1}, "hour": "07"}, {"date": "24/05/14", "many_comments": 32, "amount_tipped": 5762, "subs": {"dogecoin": 31, "Dogefaucet": 1}, "hour": "08"}, {"date": "24/05/14", "many_comments": 15, "amount_tipped": 5373, "subs": {"dogecoin": 15}, "hour": "09"}, {"date": "24/05/14", "many_comments": 14, "amount_tipped": 15933, "subs": {"dogecoin": 14}, "hour": "10"}, {"date": "24/05/14", "many_comments": 27, "amount_tipped": 414, "subs": {"dogecoin": 27}, "hour": "11"}, {"date": "24/05/14", "many_comments": 45, "amount_tipped": 5360, "subs": {"dogecoin": 45}, "hour": "12"}, {"date": "24/05/14", "many_comments": 28, "amount_tipped": 2621, "subs": {"malaysia": 1, "dogecoin": 27}, "hour": "13"}, {"date": "24/05/14", "many_comments": 54, "amount_tipped": 35528, "subs": {"shittyama": 1, "Dogefaucet": 1, "DogeBotTest": 2, "dogecoin": 48, "dogecoinbeg": 1, "pcmasterrace": 1}, "hour": "14"}, {"date": "24/05/14", "many_comments": 37, "amount_tipped": 2122, "subs": {"DogeCoinPIF": 1, "Dogeme": 1, "dogemining": 1, "Dogefaucet": 1, "pics": 1, "DogeBotTest": 5, "dogecoin": 26, "dogemarket": 1}, "hour": "15"}, {"date": "24/05/14", "many_comments": 101, "amount_tipped": 7895, "subs": {"GirlsGoneDogeCoin": 1, "ShibesChat": 1, "dogemining": 2, "Dogefaucet": 1, "pics": 1, "dogecoin": 95}, "hour": "16"}, {"date": "24/05/14", "many_comments": 34, "amount_tipped": 28645, "subs": {"dogecoin": 32, "SuperShibe": 1, "Dogefaucet": 1}, "hour": "17"}, {"date": "24/05/14", "many_comments": 105, "amount_tipped": 19483, "subs": {"dogecoinbeg": 13, "dogecoin": 92}, "hour": "18"}, {"date": "24/05/14", "many_comments": 64, "amount_tipped": 30992, "subs": {"shittyadviceanimals": 2, "dogecoin": 59, "Dogefaucet": 2, "dogemining": 1}, "hour": "19"}, {"date": "24/05/14", "many_comments": 48, "amount_tipped": 4481658, "subs": {"Dogefaucet": 1, "shittyadviceanimals": 1, "dogecoin": 43, "dogecoinbeg": 1, "pcmasterrace": 1, "soccer": 1}, "hour": "20"}, {"date": "24/05/14", "many_comments": 66, "amount_tipped": 4226252, "subs": {"dogecoin": 61, "pcmasterrace": 1, "Dogecoinscamwatch": 1, "Dogefaucet": 2, "dogemarket": 1}, "hour": "21"}, {"date": "24/05/14", "many_comments": 39, "amount_tipped": 10150, "subs": {"DogeBotTest": 1, "dogecoin": 38}, "hour": "22"}, {"date": "24/05/14", "many_comments": 36, "amount_tipped": 19777, "subs": {"dogecoin": 35, "tvportalapp": 1}, "hour": "23"}, {"date": "25/05/14", "many_comments": 42, "amount_tipped": 71523, "subs": {"Portal": 1, "dogecoin": 39, "dogemarket": 1, "myriadcoin": 1}, "hour": "00"}, {"date": "25/05/14", "many_comments": 32, "amount_tipped": 8283, "subs": {"dogecoin": 26, "wheredidthesodago": 1, "Bots4dogeTesting": 1, "dogemarket": 1, "pcmasterrace": 2, "ploungeafterdark": 1}, "hour": "01"}, {"date": "25/05/14", "many_comments": 35, "amount_tipped": 9108, "subs": {"SFGiants": 1, "dogecoin": 23, "Dogefaucet": 1, "Bots4dogeTesting": 10}, "hour": "02"}, {"date": "25/05/14", "many_comments": 47, "amount_tipped": 27038, "subs": {"NXT": 1, "Dogefaucet": 3, "NASCAR": 1, "Bitcoin": 3, "dogecoin": 25, "Bots4dogeTesting": 12, "dogemarket": 2}, "hour": "03"}, {"date": "25/05/14", "many_comments": 51, "amount_tipped": 5254, "subs": {"3Dprinting": 1, "pcmasterrace": 1, "dogecoin": 48, "Dogefaucet": 1}, "hour": "04"}, {"date": "25/05/14", "many_comments": 30, "amount_tipped": 1026, "subs": {"dogecoin": 27, "3Dprinting": 1, "redditgetsdrawn": 2}, "hour": "05"}, {"date": "25/05/14", "many_comments": 91, "amount_tipped": 10264, "subs": {"TaCoCoin": 1, "DogeCoinPIF": 61, "dogecoin": 29}, "hour": "06"}, {"date": "25/05/14", "many_comments": 227, "amount_tipped": 308003, "subs": {"dogemarket": 1, "DogeCoinPIF": 205, "dogecoin": 19, "Dogefaucet": 1, "malaysia": 1}, "hour": "07"}, {"date": "25/05/14", "many_comments": 32, "amount_tipped": 85475, "subs": {"TaCoCoin": 1, "dogecoinbeg": 2, "dogecoin": 29}, "hour": "08"}, {"date": "25/05/14", "many_comments": 22, "amount_tipped": 212360, "subs": {"TaCoCoin": 1, "dogelet": 2, "dogecoin": 16, "dogecoinbeg": 3}, "hour": "09"}, {"date": "25/05/14", "many_comments": 35, "amount_tipped": 33438, "subs": {"jokesfordogecoin": 1, "dogecoin": 34}, "hour": "10"}, {"date": "25/05/14", "many_comments": 92, "amount_tipped": 71248, "subs": {"dogecoin": 87, "DogeCoinPIF": 1, "dogeducation": 2, "Dogecoin_India": 2}, "hour": "11"}, {"date": "25/05/14", "many_comments": 53, "amount_tipped": 63767, "subs": {"dogecoingermany": 1, "dogecoin": 52}, "hour": "12"}, {"date": "25/05/14", "many_comments": 95, "amount_tipped": 47262, "subs": {"Bots4dogeTesting": 4, "electronic_cigarette": 1, "dogecoin": 87, "Euroshibe": 2, "Dogefaucet": 1}, "hour": "13"}, {"date": "25/05/14", "many_comments": 101, "amount_tipped": 73982, "subs": {"WallpaperRequests": 1, "pcmasterrace": 1, "Bots4dogeTesting": 8, "dogecoin": 90, "twitchplayspokemon": 1}, "hour": "14"}, {"date": "25/05/14", "many_comments": 140, "amount_tipped": 121334, "subs": {"dogetipbot": 98, "dogecoin": 42}, "hour": "15"}, {"date": "25/05/14", "many_comments": 65, "amount_tipped": 47945, "subs": {"pokershibes": 1, "DogecoinFundation": 1, "dogetipbot": 5, "dogecoin": 57, "Dogefaucet": 1}, "hour": "16"}, {"date": "25/05/14", "many_comments": 89, "amount_tipped": 47762, "subs": {"INDYCAR": 1, "dogetipbot": 1, "Dogefaucet": 1, "dogevendors": 5, "dogecoin": 80, "conspiracy": 1}, "hour": "17"}, {"date": "25/05/14", "many_comments": 55, "amount_tipped": 112151, "subs": {"INDYCAR": 2, "fantasybaseball": 1, "Dogefaucet": 1, "dogecoin": 49, "doge365": 1, "pokershibes": 1}, "hour": "18"}, {"date": "25/05/14", "many_comments": 46, "amount_tipped": 4770, "subs": {"pokershibes": 1, "dogecoin": 37, "dogevendors": 7, "dogeducation": 1}, "hour": "19"}, {"date": "25/05/14", "many_comments": 73, "amount_tipped": 20745, "subs": {"dogecoinbeg": 1, "pcmasterrace": 1, "dogecoin": 67, "Dogefaucet": 3, "Bitcoin": 1}, "hour": "20"}, {"date": "25/05/14", "many_comments": 60, "amount_tipped": 6914, "subs": {"DogeCoinPIF": 1, "dogemining": 1, "Scotland": 1, "dogetipbot": 1, "dogecoin": 54, "pcmasterrace": 1, "TumblrInAction": 1}, "hour": "21"}, {"date": "25/05/14", "many_comments": 55, "amount_tipped": 14539, "subs": {"dogetipbot": 1, "dogecoin": 52, "NASCAR": 2}, "hour": "22"}, {"date": "25/05/14", "many_comments": 96, "amount_tipped": 21098, "subs": {"dogemining": 1, "dogeFakeTipReminder": 1, "dogecoin": 93, "Dogefaucet": 1}, "hour": "23"}, {"date": "26/05/14", "many_comments": 106, "amount_tipped": 72128, "subs": {"dogemining": 2, "dogecoin": 104}, "hour": "00"}, {"date": "26/05/14", "many_comments": 104, "amount_tipped": 83487, "subs": {"GirlsGoneDogeCoin": 3, "dogemining": 1, "dogeducation": 1, "dogecoin": 91, "TaCoCoin": 1, "dogecoinbeg": 2, "DogecoinCharity": 5}, "hour": "01"}, {"date": "26/05/14", "many_comments": 117, "amount_tipped": 171896, "subs": {"dogecoinbeg": 67, "dogecoin": 21, "dogemining": 29}, "hour": "02"}, {"date": "26/05/14", "many_comments": 21, "amount_tipped": 6278, "subs": {"trendingsubreddits": 1, "blackpeoplegifs": 1, "Dogefaucet": 2, "pics": 1, "dogecoin": 14, "dogecoinbeg": 2}, "hour": "03"}, {"date": "26/05/14", "many_comments": 56, "amount_tipped": 35657, "subs": {"dogecoinbeg": 1, "thewholecar": 1, "dogecoin": 53, "pics": 1}, "hour": "04"}, {"date": "26/05/14", "many_comments": 69, "amount_tipped": 17045, "subs": {"dogemarket": 1, "dogecoin": 66, "GirlsGoneDogeCoin": 2}, "hour": "05"}, {"date": "26/05/14", "many_comments": 52, "amount_tipped": 4468, "subs": {"dogecoinbeg": 1, "dogecoin": 49, "LifeProTips": 1, "pics": 1}, "hour": "06"}, {"date": "26/05/14", "many_comments": 149, "amount_tipped": 17916, "subs": {"dogemining": 1, "dogecoin": 145, "Dogefaucet": 1, "changetip": 1, "dogemarket": 1}, "hour": "07"}, {"date": "26/05/14", "many_comments": 33, "amount_tipped": 4363, "subs": {"dogecoingermany": 1, "tipofmytongue": 1, "dogecoin": 31}, "hour": "08"}, {"date": "26/05/14", "many_comments": 20, "amount_tipped": 1761, "subs": {"pcmasterrace": 1, "dogecoin": 19}, "hour": "09"}, {"date": "26/05/14", "many_comments": 30, "amount_tipped": 3171, "subs": {"dogecoinbeg": 1, "dogecoin": 29}, "hour": "10"}, {"date": "26/05/14", "many_comments": 98, "amount_tipped": 18089, "subs": {"dogecoin": 98}, "hour": "11"}, {"date": "26/05/14", "many_comments": 35, "amount_tipped": 1961, "subs": {"dogecoinbeg": 1, "dogecoin": 32, "dogecoingaming": 1, "pics": 1}, "hour": "12"}, {"date": "26/05/14", "many_comments": 31, "amount_tipped": 53132, "subs": {"dogemining": 1, "dogecoin": 29, "dogecoinbeg": 1}, "hour": "13"}, {"date": "26/05/14", "many_comments": 60, "amount_tipped": 10014, "subs": {"electronic_cigarette": 1, "dogecoin": 56, "Dogefaucet": 3}, "hour": "14"}, {"date": "26/05/14", "many_comments": 84, "amount_tipped": 16904, "subs": {"TaCoCoin": 1, "dogecoin": 80, "GirlsGoneDogeCoin": 3}, "hour": "15"}, {"date": "26/05/14", "many_comments": 112, "amount_tipped": 9838, "subs": {"Silverbugs": 2, "dogecoinbeg": 2, "dogescavengerhunt": 2, "dogecoin": 106}, "hour": "16"}, {"date": "26/05/14", "many_comments": 73, "amount_tipped": 12067, "subs": {"dogetipbot": 1, "dogecoin": 69, "Dogefaucet": 2, "Brogres": 1}, "hour": "17"}, {"date": "26/05/14", "many_comments": 98, "amount_tipped": 65125, "subs": {"biology": 1, "firefox": 1, "electronic_cigarette": 1, "Dogefaucet": 1, "dogecoin": 93, "dogecoinbeg": 1}, "hour": "18"}, {"date": "26/05/14", "many_comments": 50, "amount_tipped": 27012, "subs": {"A858DE45F56D9BC9": 1, "electronic_cigarette": 1, "dogeducation": 2, "Dogefaucet": 2, "Silverbugs": 4, "dogecoin": 38, "firefox": 1, "opendoge": 1}, "hour": "19"}, {"date": "26/05/14", "many_comments": 57, "amount_tipped": 12782, "subs": {"dogelet": 3, "dogeducation": 1, "Dogefaucet": 1, "Silverbugs": 1, "dogecoin": 50, "ClashOfClans": 1}, "hour": "20"}, {"date": "26/05/14", "many_comments": 40, "amount_tipped": 35864, "subs": {"GlobalOffensive": 1, "random_doge_tip_bot": 1, "dogeducation": 1, "dogemarket": 1, "Silverbugs": 2, "dogecoin": 32, "ClashOfClans": 1, "dogecoinbeg": 1}, "hour": "21"}, {"date": "26/05/14", "many_comments": 30, "amount_tipped": 31063, "subs": {"photoshop": 1, "CGPGrey": 1, "videos": 1, "dogemining": 2, "dogecoin": 24, "opendoge": 1}, "hour": "22"}, {"date": "26/05/14", "many_comments": 38, "amount_tipped": 16750, "subs": {"web_design": 1, "pcmasterrace": 1, "dogecoin": 34, "Bitcoin": 1, "dogemining": 1}, "hour": "23"}, {"date": "27/05/14", "many_comments": 64, "amount_tipped": 38746, "subs": {"Rainmeter": 1, "dogetipbot": 1, "dogecoin": 59, "Dogefaucet": 2, "dogemarket": 1}, "hour": "00"}, {"date": "27/05/14", "many_comments": 104, "amount_tipped": 19815, "subs": {"dogecoinbeg": 3, "dogetipbot": 1, "dogecoin": 99, "Dogefaucet": 1}, "hour": "01"}, {"date": "27/05/14", "many_comments": 54, "amount_tipped": 21492, "subs": {"botwatch": 1, "dogeducation": 2, "dogecoin": 50, "GirlsGoneDogeCoin": 1}, "hour": "02"}, {"date": "27/05/14", "many_comments": 51, "amount_tipped": 33942, "subs": {"gameofthrones": 1, "dogecoin": 49, "Dogefaucet": 1}, "hour": "03"}, {"date": "27/05/14", "many_comments": 53, "amount_tipped": 6450, "subs": {"SaltLakeCity": 1, "dogecoinbeg": 15, "doge": 1, "dogecoin": 36}, "hour": "04"}, {"date": "27/05/14", "many_comments": 150, "amount_tipped": 69419, "subs": {"dogemarket": 1, "DogeCoinPIF": 134, "dogecoin": 14, "dogelet": 1}, "hour": "05"}, {"date": "27/05/14", "many_comments": 300, "amount_tipped": 274241, "subs": {"DogeCoinPIF": 284, "dogecoin": 16}, "hour": "06"}, {"date": "27/05/14", "many_comments": 35, "amount_tipped": 25046, "subs": {"dogemining": 1, "dogecoindev": 1, "dogecoin": 23, "DogeCoinPIF": 10}, "hour": "07"}, {"date": "27/05/14", "many_comments": 13, "amount_tipped": 2044, "subs": {"cpp": 1, "dogecoin": 12}, "hour": "08"}, {"date": "27/05/14", "many_comments": 9, "amount_tipped": 3813, "subs": {"WallpaperRequests": 1, "DogeCoinPIF": 1, "dogecoin": 7}, "hour": "09"}, {"date": "27/05/14", "many_comments": 12, "amount_tipped": 58259, "subs": {"pcmasterrace": 2, "dogecoin": 8, "Dogefaucet": 2}, "hour": "10"}, {"date": "27/05/14", "many_comments": 19, "amount_tipped": 13206, "subs": {"casualiama": 2, "dogecoin": 16, "Dogefaucet": 1}, "hour": "11"}, {"date": "27/05/14", "many_comments": 40, "amount_tipped": 26932, "subs": {"dogecoinbeg": 1, "dogecoin": 38, "casualiama": 1}, "hour": "12"}, {"date": "27/05/14", "many_comments": 43, "amount_tipped": 28428, "subs": {"dogecoin": 42, "Dogefaucet": 1}, "hour": "13"}, {"date": "27/05/14", "many_comments": 96, "amount_tipped": 120289, "subs": {"dogemarket": 1, "dogecoin": 91, "GirlsGoneDogeCoin": 2, "Solving_32865": 1, "dogeservice": 1}, "hour": "14"}, {"date": "27/05/14", "many_comments": 76, "amount_tipped": 6374, "subs": {"dogecoin": 73, "Anarcho_Capitalism": 2, "dogecoinbeg": 1}, "hour": "15"}, {"date": "27/05/14", "many_comments": 142, "amount_tipped": 80016, "subs": {"RATS": 1, "pcmasterrace": 1, "dogecoin": 139, "pics": 1}, "hour": "16"}, {"date": "27/05/14", "many_comments": 92, "amount_tipped": 18352, "subs": {"dogecoin": 88, "Winnipeg": 1, "random_doge_tip_bot": 1, "dogemarket": 2}, "hour": "17"}, {"date": "27/05/14", "many_comments": 119, "amount_tipped": 41120, "subs": {"DogeCoinPIF": 1, "dogemining": 1, "vertcoin": 1, "Dogefaucet": 1, "Winnipeg": 1, "dogecoin": 112, "dogecoinbeg": 1, "pcmasterrace": 1}, "hour": "18"}, {"date": "27/05/14", "many_comments": 72, "amount_tipped": 79113, "subs": {"pcmasterrace": 1, "dogecoin": 70, "Dogefaucet": 1}, "hour": "19"}, {"date": "27/05/14", "many_comments": 84, "amount_tipped": 33240, "subs": {"GirlsGoneDogeCoin": 1, "pcmasterrace": 1, "dogecoin": 80, "Dogefaucet": 1, "Doge4Dega": 1}, "hour": "20"}, {"date": "27/05/14", "many_comments": 75, "amount_tipped": 20223, "subs": {"dogemarket": 1, "dogecoin": 71, "Doge4Dega": 1, "dogeducation": 2}, "hour": "21"}, {"date": "27/05/14", "many_comments": 85, "amount_tipped": 30796, "subs": {"mildlyinteresting": 1, "electronic_cigarette": 2, "buildapc": 1, "redditgetsdrawn": 1, "dataisugly": 1, "LuisPorn": 1, "TrollXChromosomes": 2, "education": 1, "DnD": 1, "ZettaiRyouiki": 1, "flying": 1, "cowboys": 1, "woahdude": 1, "nyjets": 1, "theydidthemath": 1, "solotravel": 1, "phillies": 1, "snackexchange": 1, "Dogefaucet": 1, "rupaulsdragrace": 1, "dogemarket": 2, "BBQ": 1, "GirlsGoneDogeCoin": 2, "CrappyDesign": 1, "pics": 1, "dogecoin": 54, "hacking": 1, "hometheater": 1}, "hour": "22"}, {"date": "27/05/14", "many_comments": 65, "amount_tipped": 51945, "subs": {"GirlsGoneDogeCoin": 1, "electronic_cigarette": 2, "NASCAR": 1, "dogecoin": 54, "pokershibes": 1, "dogemarket": 5, "pcmasterrace": 1}, "hour": "23"}, {"date": "28/05/14", "many_comments": 39, "amount_tipped": 46391, "subs": {"watch_dogs": 1, "dogecoin": 36, "Dogefaucet": 1, "GirlsGoneDogeCoin": 1}, "hour": "00"}, {"date": "28/05/14", "many_comments": 112, "amount_tipped": 134498, "subs": {"dogemarket": 1, "electronic_cigarette": 3, "dogecoin": 107, "Tarots": 1}, "hour": "01"}, {"date": "28/05/14", "many_comments": 120, "amount_tipped": 123319, "subs": {"SSBPM": 1, "electronic_cigarette": 1, "dogecoin": 108, "GirlsGoneDogeCoin": 8, "dogecoinbeg": 2}, "hour": "02"}, {"date": "28/05/14", "many_comments": 63, "amount_tipped": 99093, "subs": {"dogemarket": 1, "electronic_cigarette": 2, "dogecoin": 57, "Dogefaucet": 2, "GirlsGoneDogeCoin": 1}, "hour": "03"}, {"date": "28/05/14", "many_comments": 241, "amount_tipped": 92417, "subs": {"dogecoin": 240, "Dogefaucet": 1}, "hour": "04"}, {"date": "28/05/14", "many_comments": 143, "amount_tipped": 38096, "subs": {"dogecoin": 137, "GirlsGoneDogeCoin": 6}, "hour": "05"}, {"date": "28/05/14", "many_comments": 170, "amount_tipped": 37597, "subs": {"DogeCoinPIF": 157, "dogecoin": 9, "GirlsGoneDogeCoin": 2, "Dogefaucet": 2}, "hour": "06"}, {"date": "28/05/14", "many_comments": 300, "amount_tipped": 445123, "subs": {"DogeCoinPIF": 281, "dogecoin": 19}, "hour": "07"}, {"date": "28/05/14", "many_comments": 24, "amount_tipped": 5298, "subs": {"DogeCoinPIF": 17, "dogecoin": 7}, "hour": "08"}, {"date": "28/05/14", "many_comments": 7, "amount_tipped": 6034, "subs": {"dogecoin": 6, "dogeservice": 1}, "hour": "09"}, {"date": "28/05/14", "many_comments": 7, "amount_tipped": 13249, "subs": {"dogemarket": 1, "dogecoin": 6}, "hour": "10"}, {"date": "28/05/14", "many_comments": 15, "amount_tipped": 2288, "subs": {"dogecoinbeg": 1, "dogecoin": 13, "dogemarket": 1}, "hour": "11"}, {"date": "28/05/14", "many_comments": 22, "amount_tipped": 6614, "subs": {"dogemarket": 1, "dogecoin": 19, "Dogefaucet": 1, "dogecoinbeg": 1}, "hour": "12"}, {"date": "28/05/14", "many_comments": 15, "amount_tipped": 2656, "subs": {"linkoping": 1, "dogecoin": 12, "Dogefaucet": 1, "Bitcoin": 1}, "hour": "13"}, {"date": "28/05/14", "many_comments": 192, "amount_tipped": 252997, "subs": {"firstworldanarchists": 1, "dogemarket": 1, "TumblrInAction": 1, "dogecoin": 188, "Dogefaucet": 1}, "hour": "14"}, {"date": "28/05/14", "many_comments": 225, "amount_tipped": 286970, "subs": {"firstworldanarchists": 1, "shittyama": 1, "electronic_cigarette": 2, "Dogefaucet": 1, "TumblrInAction": 1, "dogecoin": 219}, "hour": "15"}, {"date": "28/05/14", "many_comments": 274, "amount_tipped": 205834, "subs": {"firstworldanarchists": 1, "dogemining": 1, "dogecoin": 271, "suchlist": 1}, "hour": "16"}, {"date": "28/05/14", "many_comments": 230, "amount_tipped": 163218, "subs": {"GirlsGoneDogeCoin": 2, "electronic_cigarette": 1, "Dogefaucet": 1, "TumblrInAction": 2, "dogecoin": 221, "dogemarket": 2, "dogecoinbeg": 1}, "hour": "16"}, {"date": "28/05/14", "many_comments": 62, "amount_tipped": 43195, "subs": {"firstworldanarchists": 1, "dogecoindev": 1, "electronic_cigarette": 3, "Dogefaucet": 1, "Euroshibe": 1, "dogecoin": 53, "dogecoinbeg": 2}, "hour": "18"}, {"date": "28/05/14", "many_comments": 103, "amount_tipped": 23759, "subs": {"dogecoindev": 1, "GirlsGoneDogeCoin": 1, "Christianity": 1, "dogecoin": 97, "InternetIsBeautiful": 1, "dogecoinbeg": 2}, "hour": "19"}, {"date": "28/05/14", "many_comments": 48, "amount_tipped": 12187, "subs": {"amateurradio": 1, "dogecoin": 47}, "hour": "19"}, {"date": "28/05/14", "many_comments": 298, "amount_tipped": 157765, "subs": {"pcmasterrace": 1, "dogecoin": 295, "Dogefaucet": 2}, "hour": "21"}, {"date": "28/05/14", "many_comments": 250, "amount_tipped": 267767, "subs": {"amateurradio": 1, "pcmasterrace": 1, "dogecoin": 246, "CrusaderKings": 1, "oculus": 1}, "hour": "21"}, {"date": "28/05/14", "many_comments": 154, "amount_tipped": 160747, "subs": {"dogemarket": 1, "dogecoin": 152, "Christianity": 1}, "hour": "23"}, {"date": "29/05/14", "many_comments": 35, "amount_tipped": 25185, "subs": {"dogecoin": 31, "Dogefaucet": 3, "dogecoingaming": 1}, "hour": "00"}, {"date": "29/05/14", "many_comments": 23, "amount_tipped": 28220, "subs": {"Silverbugs": 1, "Dogefaucet": 1, "dogeservice": 1, "CryptoCurrency": 1, "dogecoin": 17, "dogemarket": 1, "StJRTS": 1}, "hour": "01"}, {"date": "29/05/14", "many_comments": 20, "amount_tipped": 59904, "subs": {"dogemarket": 1, "electronic_cigarette": 1, "dogecoin": 17, "GirlsGoneDogeCoin": 1}, "hour": "02"}, {"date": "29/05/14", "many_comments": 27, "amount_tipped": 33171, "subs": {"firstworldanarchists": 1, "GirlsGoneDogeCoin": 4, "circlejerk": 1, "Dogefaucet": 1, "malaysia": 1, "dogecoin": 18, "DogecoinFundation": 1}, "hour": "02"}, {"date": "29/05/14", "many_comments": 13, "amount_tipped": 14106, "subs": {"DogecoinFundation": 2, "dogecoin": 9, "Dogefaucet": 1, "Minxhibitionist": 1}, "hour": "04"}, {"date": "29/05/14", "many_comments": 205, "amount_tipped": 216274, "subs": {"dogecoinbeg": 4, "dogecoin": 201}, "hour": "05"}, {"date": "29/05/14", "many_comments": 121, "amount_tipped": 98142, "subs": {"dogecoin": 120, "DogecoinDefenseForce": 1}, "hour": "05"}, {"date": "29/05/14", "many_comments": 8, "amount_tipped": 48790, "subs": {"melbourne": 1, "dogecoin": 5, "croatia": 1, "DogecoinDefenseForce": 1}, "hour": "06"}, {"date": "29/05/14", "many_comments": 8, "amount_tipped": 13258, "subs": {"dogecoin": 8}, "hour": "08"}, {"date": "29/05/14", "many_comments": 11, "amount_tipped": 14737, "subs": {"dogemarket": 2, "dogecoin": 7, "Dogefaucet": 1, "DubbedGIFS": 1}, "hour": "08"}, {"date": "29/05/14", "many_comments": 28, "amount_tipped": 37748, "subs": {"dogemarket": 1, "dogecoin": 26, "Dogefaucet": 1}, "hour": "09"}, {"date": "29/05/14", "many_comments": 86, "amount_tipped": 84231, "subs": {"dogemarket": 1, "MLPLounge": 1, "dogecoin": 84}, "hour": "11"}, {"date": "29/05/14", "many_comments": 211, "amount_tipped": 210700, "subs": {"DogecoinFundation": 1, "Winnipeg": 1, "dogecoin": 208, "Bitcoin": 1}, "hour": "12"}, {"date": "29/05/14", "many_comments": 126, "amount_tipped": 79111, "subs": {"dogecoinbeg": 1, "DogecoinFundation": 7, "dogecoin": 117, "dogeducation": 1}, "hour": "13"}, {"date": "29/05/14", "many_comments": 64, "amount_tipped": 1908043, "subs": {"dogecoin": 64}, "hour": "13"}, {"date": "29/05/14", "many_comments": 63, "amount_tipped": 18338, "subs": {"dogecoin": 61, "Dogefaucet": 1, "dogeservice": 1}, "hour": "15"}, {"date": "29/05/14", "many_comments": 52, "amount_tipped": 16516, "subs": {"dogecoinbeg": 2, "dogecoin": 49, "DogecoinFundation": 1}, "hour": "15"}, {"date": "29/05/14", "many_comments": 129, "amount_tipped": 90839, "subs": {"videos": 1, "electronic_cigarette": 1, "Dogefaucet": 1, "Silverbugs": 1, "dogetipbot": 2, "dogecoin": 117, "dogecoinbeg": 1, "dogecoingiveaways": 2, "TaCoCoin": 1, "juiceswap": 1, "pcmasterrace": 1}, "hour": "17"}, {"date": "29/05/14", "many_comments": 166, "amount_tipped": 362394, "subs": {"Silverbugs": 1, "dogetipbot": 1, "dogecoin": 161, "Dogefaucet": 2, "LifeProTips": 1}, "hour": "18"}, {"date": "29/05/14", "many_comments": 207, "amount_tipped": 280648, "subs": {"DogecoinFundation": 1, "buildapc": 1, "amateurradio": 1, "dogecoin": 204}, "hour": "19"}, {"date": "29/05/14", "many_comments": 159, "amount_tipped": 510947, "subs": {"dogecoinbeg": 24, "pcmasterrace": 1, "dogecoin": 132, "Dogefaucet": 1, "DogecoinFundation": 1}, "hour": "20"}, {"date": "29/05/14", "many_comments": 37, "amount_tipped": 112197, "subs": {"Dogefaucet": 1, "Silverbugs": 1, "conspiracy": 1, "dogecoin": 32, "dogecoinbeg": 1, "dogecoingaming": 1}, "hour": "20"}, {"date": "29/05/14", "many_comments": 68, "amount_tipped": 147841, "subs": {"dogecoinbeg": 1, "dogecoin": 64, "Dogefaucet": 2, "Minxhibitionist": 1}, "hour": "22"}, {"date": "29/05/14", "many_comments": 100, "amount_tipped": 1168439, "subs": {"LucidDreaming": 1, "GirlsGoneDogeCoin": 3, "camping": 1, "amiugly": 1, "dogecoin": 92, "dogecoinbeg": 2}, "hour": "23"}, {"date": "30/05/14", "many_comments": 63, "amount_tipped": 262276, "subs": {"amiugly": 1, "dogemining": 1, "Dogefaucet": 1, "birdswitharms": 1, "dogecoinbeg": 1, "dogecoin": 58}, "hour": "00"}, {"date": "30/05/14", "many_comments": 46, "amount_tipped": 190767, "subs": {"dogemining": 1, "ShibeNet": 1, "dogecoin": 42, "DogecoinDefenseForce": 1, "dogemarket": 1}, "hour": "01"}, {"date": "30/05/14", "many_comments": 45, "amount_tipped": 71055, "subs": {"dogetipbot": 6, "dogecoin": 39}, "hour": "02"}, {"date": "30/05/14", "many_comments": 63, "amount_tipped": 374348, "subs": {"TwoBestFriendsPlay": 1, "dogecoin": 58, "Dogefaucet": 1, "GirlsGoneDogeCoin": 3}, "hour": "03"}, {"date": "30/05/14", "many_comments": 56, "amount_tipped": 459957, "subs": {"MensRights": 2, "DogeCoinPIF": 2, "videos": 1, "dogemining": 1, "circlejerk": 1, "Bitcoin": 1, "TumblrInAction": 1, "dogecoin": 47}, "hour": "04"}, {"date": "30/05/14", "many_comments": 30, "amount_tipped": 1008967, "subs": {"DogeCoinPIF": 6, "dogecoin": 24}, "hour": "05"}, {"date": "30/05/14", "many_comments": 214, "amount_tipped": 44146, "subs": {"dogpictures": 1, "DogeCoinPIF": 181, "electronic_cigarette": 1, "dogecoin": 30, "Dogefaucet": 1}, "hour": "05"}, {"date": "30/05/14", "many_comments": 300, "amount_tipped": 466563, "subs": {"DogeCoinPIF": 232, "dogecoin": 66, "GirlsGoneDogeCoin": 1, "Dogefaucet": 1}, "hour": "07"}, {"date": "30/05/14", "many_comments": 66, "amount_tipped": 37976, "subs": {"DogeCoinPIF": 4, "dogecoin": 62}, "hour": "08"}, {"date": "30/05/14", "many_comments": 20, "amount_tipped": 19277, "subs": {"MtAugusta": 1, "dogecoinbeg": 3, "dogecoin": 15, "GirlsGoneDogeCoin": 1}, "hour": "08"}, {"date": "30/05/14", "many_comments": 14, "amount_tipped": 24239, "subs": {"dogecoinbeg": 1, "dogecoin": 13}, "hour": "10"}, {"date": "30/05/14", "many_comments": 20, "amount_tipped": 77289, "subs": {"dogecoinbeg": 1, "dogecoin": 17, "Dogefaucet": 1, "redditgetsdrawn": 1}, "hour": "11"}, {"date": "30/05/14", "many_comments": 43, "amount_tipped": 89145, "subs": {"buildapc": 1, "dogecoin": 41, "dogeservice": 1}, "hour": "11"}, {"date": "30/05/14", "many_comments": 46, "amount_tipped": 74942, "subs": {"dogemarket": 1, "dogecoin": 44, "Bitcoin": 1}, "hour": "12"}, {"date": "30/05/14", "many_comments": 38, "amount_tipped": 25578, "subs": {"pcmasterrace": 4, "dogecoin": 33, "personalfinance": 1}, "hour": "14"}, {"date": "30/05/14", "many_comments": 148, "amount_tipped": 82156, "subs": {"trendingsubreddits": 1, "firstworldanarchists": 1, "personalfinance": 1, "malaysia": 1, "dogecoin": 138, "dogecoinbeg": 4, "pcmasterrace": 2}, "hour": "14"}, {"date": "30/05/14", "many_comments": 110, "amount_tipped": 134329, "subs": {"GirlsGoneDogeCoin": 4, "TumblrInAction": 1, "dogecoin": 103, "Dogefaucet": 1, "montageparodies": 1}, "hour": "15"}, {"date": "30/05/14", "many_comments": 106, "amount_tipped": 142824, "subs": {"todayilearned": 1, "dogecoinbeg": 1, "TumblrInAction": 2, "dogecoin": 101, "Dogefaucet": 1}, "hour": "17"}, {"date": "30/05/14", "many_comments": 134, "amount_tipped": 55578, "subs": {"dogemarket": 2, "pcmasterrace": 1, "dogecoin": 127, "GirlsGoneDogeCoin": 1, "cannacoin": 3}, "hour": "18"}, {"date": "30/05/14", "many_comments": 205, "amount_tipped": 59403, "subs": {"PandacoinPND": 1, "Dogefaucet": 2, "Bitcoin": 1, "TumblrInAction": 1, "dogecoin": 195, "dogecoinbeg": 2, "dogemarket": 1, "pcmasterrace": 1, "dogecoingaming": 1}, "hour": "19"}, {"date": "30/05/14", "many_comments": 122, "amount_tipped": 116920, "subs": {"TumblrInAction": 2, "dogecoin": 117, "GirlsGoneDogeCoin": 1, "dogecoingaming": 1, "Dogefaucet": 1}, "hour": "20"}, {"date": "30/05/14", "many_comments": 48, "amount_tipped": 63871, "subs": {"GirlsGoneBitcoin": 1, "GirlsGoneDogeCoin": 4, "dogecoin": 39, "dogecoinbeg": 2, "FurryArtSchool": 1, "dogecoingaming": 1}, "hour": "21"}, {"date": "30/05/14", "many_comments": 53, "amount_tipped": 14616, "subs": {"dogemarket": 1, "pcmasterrace": 1, "dogecoin": 49, "Dogefaucet": 1, "NASCAR": 1}, "hour": "22"}, {"date": "30/05/14", "many_comments": 28, "amount_tipped": 65054, "subs": {"dogemining": 1, "DogecoinDefenseForce": 1, "dogetipbot": 1, "dogecoin": 22, "techsupport": 1, "dogemarket": 2}, "hour": "22"}, {"date": "30/05/14", "many_comments": 33, "amount_tipped": 37032, "subs": {"AntiJokes": 1, "dogecoin": 24, "dogecoinbeg": 5, "dogemarket": 1, "botwar": 1, "dogecoingaming": 1}, "hour": "23"}, {"date": "31/05/14", "many_comments": 34, "amount_tipped": 63731, "subs": {"GreatApes": 1, "pics": 1, "dogecoin": 30, "GirlsGoneDogeCoin": 1, "dogecoingaming": 1}, "hour": "01"}, {"date": "31/05/14", "many_comments": 56, "amount_tipped": 35405, "subs": {"Civcraft": 1, "dogecoin": 55}, "hour": "02"}, {"date": "31/05/14", "many_comments": 76, "amount_tipped": 116812, "subs": {"electronic_cigarette": 4, "dogecoin": 69, "GirlsGoneDogeCoin": 2, "TumblrInAction": 1}, "hour": "02"}, {"date": "31/05/14", "many_comments": 102, "amount_tipped": 24404, "subs": {"dogemarket": 1, "electronic_cigarette": 1, "dogecoin": 97, "WildStar": 1, "dogetipbot": 2}, "hour": "04"}, {"date": "31/05/14", "many_comments": 64, "amount_tipped": 12480, "subs": {"electronic_cigarette": 2, "dogecoin": 62}, "hour": "04"}, {"date": "31/05/14", "many_comments": 86, "amount_tipped": 26382, "subs": {"dogemarket": 1, "DogeCoinPIF": 63, "dogecoin": 20, "DogecoinFundation": 2}, "hour": "06"}, {"date": "31/05/14", "many_comments": 451, "amount_tipped": 296890, "subs": {"DogeCoinPIF": 434, "indonesia": 1, "dogecoin": 16}, "hour": "07"}, {"date": "31/05/14", "many_comments": 82, "amount_tipped": 5358, "subs": {"dogecoinbeg": 1, "DogeCoinPIF": 79, "shittyama": 1, "dogecoin": 1}, "hour": "07"}, {"date": "31/05/14", "many_comments": 27, "amount_tipped": 4736, "subs": {"dogecoin": 27}, "hour": "09"}, {"date": "31/05/14", "many_comments": 57, "amount_tipped": 6195, "subs": {"DogeCoinPIF": 1, "dogecoin": 55, "Dogefaucet": 1}, "hour": "09"}, {"date": "31/05/14", "many_comments": 83, "amount_tipped": 4612, "subs": {"dogecoin": 82, "sailing": 1}, "hour": "11"}, {"date": "31/05/14", "many_comments": 31, "amount_tipped": 52885, "subs": {"dogecoin": 30, "apple": 1}, "hour": "11"}, {"date": "31/05/14", "many_comments": 40, "amount_tipped": 3741, "subs": {"dogecoingiveaways": 1, "DogeCoinPIF": 1, "dogecoin": 38}, "hour": "13"}, {"date": "31/05/14", "many_comments": 44, "amount_tipped": 73790, "subs": {"dogecoin": 43, "Dogefaucet": 1}, "hour": "13"}, {"date": "31/05/14", "many_comments": 68, "amount_tipped": 24900, "subs": {"GirlsGoneDogeCoin": 1, "dogeducation": 2, "Louisville": 1, "TumblrInAction": 1, "dogecoin": 58, "dogemarket": 2, "dogecoinbeg": 2, "Astronomy": 1}, "hour": "15"}, {"date": "31/05/14", "many_comments": 97, "amount_tipped": 111825, "subs": {"Omnifrost": 2, "PandacoinPND": 1, "dogecoin": 92, "NASCAR": 1, "TumblrInAction": 1}, "hour": "15"}]